Date,GLD,QQQ,SPY,TLT,USO
2021-09-02,-0.0026517204262498373,-0.00047311272146066674,0.0030766471130352357,0.004365779454853946,0.021281044257650983
2021-09-03,0.01069422486613747,0.003075696336427125,-0.00024273406311103862,-0.009095018525912768,-0.0059244312769635155
2021-09-07,-0.01958371853465668,0.001415326217694357,-0.003575377316460626,-0.008435663853167519,-0.012741449523817394
2021-09-08,-0.0025044029033459703,-0.0034807285598732474,-0.0012183209432733433,0.006806116508358828,0.011448776573248942
2021-09-09,0.004423489287242344,-0.0034403642260588674,-0.004280005714881185,0.012100493687198677,-0.017287510803663864
2021-09-10,-0.005058656845151166,-0.007589544266872306,-0.007884756694614303,-0.008816797531022935,0.02198951281802186
2021-09-13,0.0033497597913456634,-0.0006903844509522639,0.0025592219109213943,0.006064901094758879,0.013934432700961175
2021-09-14,0.006438546534438316,-0.002843076863428995,-0.005396597925707125,0.012123173350430116,-0.0034356946345603934
2021-09-15,-0.005864266379652205,0.0074345277464726855,0.008352703246992776,-0.0035073343053330097,0.027986153214050624
2021-09-16,-0.02264197706190263,0.0006878015006033245,-0.0015850677317186257,-0.004582121357698532,0.00019731971792169567
2021-09-17,-0.0015850424237688898,-0.011842020282723298,-0.009741276793859832,-0.004803482435549178,-0.007495089988105219
2021-09-20,0.0071441542310690664,-0.020663153593245553,-0.0166740465645131,0.01240213106338861,-0.014308450418714536
2021-09-21,0.006669036185550814,0.0012301461565147331,-0.0009447723247922868,-0.0008611167659086094,-0.0004031581387414773
2021-09-22,-0.0037340107339023376,0.00934060951847937,0.009754866230590187,0.005964996294258951,0.018152434004508722
2021-09-23,-0.011546389089901132,0.00922680229680739,0.012150063049827686,-0.022597695392128192,0.017828873495251862
2021-09-24,-0.00128427290155253,0.0009387514176646405,0.0016469960095635283,-0.009772897046400275,0.00856361653487836
2021-09-27,0.00208203509820426,-0.007982210151420643,-0.002860676700786935,-0.003676228274953508,0.021034352740391116
2021-09-28,-0.009716428402719801,-0.028297727724167054,-0.02015189288893182,-0.015576661283215443,-0.009638977943753457
2021-09-29,-0.004504756024632184,-0.0016395342828853243,0.0016832193239282311,0.001734656510451682,-0.0015267524565848456
2021-09-30,0.01797665363761114,-0.0036741152048657133,-0.01222257724609932,-0.00013837392982396501,0.004587188070846571
2021-10-01,0.0022530453929923144,0.006201856897923852,0.011884319204559013,0.008415781811593748,0.013318054222842823
2021-10-04,0.0046783175745395145,-0.020989414639506432,-0.012895949528209827,-0.002545664222503463,0.02309431835705289
2021-10-05,-0.004656532835140448,0.013498812009407724,0.010405041072690357,-0.00965654246115677,0.02092125811218204
2021-10-06,0.0026733243283083574,0.006407920519179822,0.004155754794910926,0.005641451500771444,-0.02642461248388628
2021-10-07,-0.005271739220885419,0.009175109132359971,0.008645771894685295,-0.010457616430274319,0.022156587265883987
2021-10-08,0.00042636491147840516,-0.004986584432403185,-0.0018237155137355021,-0.006998780134384819,0.001987005222882754
2021-10-11,-0.0018875818465466931,-0.007669780662380554,-0.007239654461373646,-0.002537722325925529,0.012799694769209058
2021-10-12,0.004514430828637339,-0.0034877927254608476,-0.002461615318620991,0.01709956329111706,-0.0012459895771443907
2021-10-13,0.017794197805277356,0.008008003518029883,0.0035976509658564026,0.00972701122581654,0.000891093147685984
2021-10-14,0.0024464685904206362,0.01841663561221396,0.016820672237532808,0.003715589677289355,0.011574101275729554
2021-10-15,-0.015892846243722114,0.0063007378690684845,0.007615730393773168,-0.005827038641101234,0.005984864361361142
2021-10-18,-0.0024799108302698825,0.010055537071199439,0.0029605184396588324,0.004688816273209939,-0.003324627057450069
2021-10-19,0.003213671993580469,0.007567825996729338,0.007714905075203671,-0.013795235565166819,0.008075826753270565
2021-10-20,0.008763958748792211,-0.0013052178597839914,0.0039276279301292405,-0.006749650523262041,0.012190887935590977
2021-10-21,-0.0008987052245035265,0.006106823294235175,0.0026082945854164485,-0.001191141021872899,-0.012216089083290527
2021-10-22,0.006116967151190034,-0.008402395132205753,-0.0010363700369873108,0.011013092326149776,0.010799493703756102
2021-10-25,0.006914158513320778,0.010237666164760961,0.005362923016795529,-0.0015264812264420557,-0.003446440676361684
2021-10-26,-0.00739951491266011,0.00314896993160918,0.0009001626137081775,0.008269304481696604,0.010721060215354017
2021-10-27,0.002624060476058121,0.002321255958797508,-0.004430236393724862,0.01819388131496069,-0.026518378388855957
2021-10-28,-0.00023788536339730548,0.011105346966252316,0.009648813614154816,-0.0033837253657929,0.008787345985792117
2021-10-29,-0.008507900517562339,0.004918932326236636,0.0020292630022142877,0.0030559384387034427,-0.004355400581083413
2021-11-01,0.005220584505493342,0.0034186455824563033,0.0017199098344284902,-0.007199883709089083,0.006649120617186588
2021-11-02,-0.0021490007233168074,0.004181503995599911,0.004043281914716701,0.0044383560865570715,0.0
2021-11-03,-0.008315382622616663,0.010615705253088636,0.006105150992579356,-0.010333806632604303,-0.038067072365332466
2021-11-04,0.011340951773961994,0.012818498185602545,0.004712671854098183,0.010510789689593292,-0.007589482878288978
2021-11-05,0.0130629437586407,0.0009540273956913925,0.003469547146441876,0.01495521403150435,0.02967955430553748
2021-11-08,0.003591619309376348,-0.0013546964175052967,0.0008535507767888362,-0.0018750869946602133,0.009549087936564504
2021-11-09,0.0049281100201232775,-0.006883122406785569,-0.0033052351329142526,0.01301846015914987,0.015414276856948739
2021-11-10,0.010858781500706183,-0.014696982060876551,-0.008044943716940312,-0.018282889252416723,-0.02846302382497856
2021-11-11,0.005602086369596027,0.0027725405506533463,0.0003237083625642345,-0.0014845615121890088,-0.0017755410984188202
2021-11-12,0.0018952552280546708,0.010522624148557203,0.0075468207612172655,-0.00439259518415025,-0.0042689731991399915
2021-11-15,-0.0015477459282561279,-0.00022815953404842215,0.0003424245328649267,-0.012556933563371397,0.0016077197807047305
2021-11-16,-0.007233864736584827,0.007121125357819391,0.00395791096166076,-0.0025428879232777257,0.0023185494707116394
2021-11-17,0.009137183945092442,0.00052843879610176,-0.0024292899150760716,0.007924561860410018,-0.021352326452827808
2021-11-18,-0.0032091550635745536,0.01036128303466688,0.0033963979729376703,0.003760540485027608,0.009999986128373495
2021-11-19,-0.007646325240812324,0.005575512653658521,-0.001788313910101369,0.01055783516055575,-0.03186319499682022
2021-11-22,-0.022420457120115533,-0.011609197851017106,-0.002814964451815616,-0.011728550570829333,0.012458200053000024
2021-11-23,-0.008652404091134991,-0.004557899985006553,0.0013257302062110732,-0.014458643094875656,0.032139577143791564
2021-11-24,-0.0009565020521100642,0.0032202561142784525,0.0026699872288031834,0.016055342134631,-0.005693944670464135
2021-11-26,-0.001615539860939763,-0.01895868955889246,-0.022303218721053453,0.02526928498598302,-0.1118468124648303
2021-11-29,-0.0013785494630753625,0.02170247131482328,0.01226669223379906,-0.008038372046429654,0.010880457167207203
2021-11-30,-0.006721853018899604,-0.014686554393085749,-0.019457818799732296,0.015202168381444725,-0.0450468089299656
2021-12-01,0.003987937535404162,-0.017012859802368108,-0.01110707284812873,0.006168931324473048,-0.01815902597903596
2021-12-02,-0.005536820827328315,0.007207219341588411,0.01531615202578096,0.001247222268336623,0.026573128734514784
2021-12-03,0.008412002804647267,-0.017388645202598862,-0.008701292851542197,0.011932387597887173,-0.006005402982589225
2021-12-06,-0.002460563224478851,0.008012840089254958,0.011843368828960088,-0.013735645441212974,0.0522916316986084
2021-12-07,0.003549490636251651,0.03011396599263172,0.020684940671075625,-0.008079756992009579,0.021381941535212112
2021-12-08,0.0005395140531609943,0.004474389508752674,0.0026479967304906538,-0.017284687167104962,0.016088350724995815
2021-12-09,-0.006111378376110088,-0.014714333381674494,-0.00675154922735155,0.005593112891233876,-0.026707320871503404
2021-12-10,0.004219899491422874,0.010870380333673602,0.009413615110862361,-0.0024122254286766953,0.019796125293438882
2021-12-13,0.00252130006200435,-0.014446916289425071,-0.00885835870313223,0.014778843409425813,-0.011339614961179967
2021-12-14,-0.009341302746070368,-0.010350343463306766,-0.006880180348106002,-0.0023835003870354976,-0.010108873865592893
2021-12-15,0.004291534360497673,0.02279746176661357,0.015624968171191966,-0.009620910751821143,0.01374706968010786
2021-12-16,0.012097561477355745,-0.02571448055160752,-0.008818460837475728,0.00038870317111716624,0.0048430841761522014
2021-12-17,-0.002140821851282393,-0.004989226615877751,-0.010642892056557551,0.01133140962820467,-0.021014077020114597
2021-12-20,-0.0042312675861405635,-0.009700107498793686,-0.010633393162391314,-0.007491783514870121,-0.017329603674128946
2021-12-21,-0.0004188884251822289,0.02238030197215135,0.017758960122572276,-0.0038078867123719773,0.03346689614987741
2021-12-22,0.009400024100517657,0.012178226240981305,0.009998611060816787,0.004627185904461095,0.017645915315051663
2021-12-23,0.0022540179789249937,0.007539074183375183,0.006222124332360579,-0.008677060117535995,0.012385699915179682
2021-12-27,0.002367247994286892,0.016527534338245387,0.014152259379956122,0.0024241461135754427,0.0261622315396981
2021-12-28,-0.004310065233419702,-0.0046345354528978255,-0.0008172669075064976,-0.0039628440196015635,0.0027512419281405798
2021-12-29,-0.0002965076609273698,-0.00014966305113750522,0.0012792737854703251,-0.010925269421979578,0.007499609947714925
2021-12-30,0.0071772153754725565,-0.002988474766946525,-0.0027644938941080444,0.008386634556243777,0.0003630472476696678
2021-12-31,0.00683158799329231,-0.006244435595202713,-0.0025202670338718702,0.0019605739198893524,-0.013430088643597515
2022-01-03,-0.015383743445999576,0.009626697384711003,0.0057900910025576735,-0.02624987222454822,0.0086460856406545
2022-01-04,0.007366515057776857,-0.012970545329275218,-0.0003349905430010125,-0.004158336270347118,0.013860993911234187
2022-01-05,-0.00300766493835114,-0.030720891516540227,-0.01920225973659051,-0.005427864086228085,-0.002878212753605447
2022-01-06,-0.012244126909514819,-0.0007026949100823465,-0.0009393322908926027,0.002588823114447081,0.026339510669934674
2022-01-07,0.004551137683908024,-0.010832770896469612,-0.003953548850726074,-0.0071880537847909265,-0.0038671334692114145
2022-01-10,0.0030402057039400354,0.0006580356743206561,-0.0012442848211865476,0.0024602323322333586,-0.008999441291894672
2022-01-11,0.0120646549718888,0.01502195228516201,0.009108230600079148,0.0066616198986564346,0.03561253570929557
2022-01-12,0.002642622730480104,0.003965687247428518,0.0027034491329698263,-0.0038311688923816645,0.012895460831631622
2022-01-13,-0.0033969884760131075,-0.025016108492682432,-0.013778476922541971,0.008880552726984625,-0.010864019543475711
2022-01-14,-0.0028796749096049457,0.00622229908585159,0.00040880000128473704,-0.015109317705441216,0.02917454521339291
2022-01-18,-0.001650255097062403,-0.024894199014409035,-0.017709544953882106,-0.014075039746879625,0.016675003829327517
2022-01-19,0.015880526897095182,-0.010983417863275835,-0.010383519432108357,0.0069237375895983,0.0013120881541044405
2022-01-20,-0.0024988838330701757,-0.012988505983264176,-0.011067912315954831,0.0061673856108703795,-0.006388196470470842
2022-01-21,-0.0032624385581478954,-0.027728678601315115,-0.01963088420145065,0.011906265459581622,0.0019782217637094313
2022-01-24,0.005494198734739664,0.004577999893138562,0.004246874253451605,-0.008216020316242467,-0.011023333043789552
2022-01-25,0.0031971345443269072,-0.023181527020593062,-0.012208908631214044,-0.001614090755791553,0.014307113651957915
2022-01-26,-0.016166464916677392,-0.0015647610076173768,-0.0025088096117560355,-0.012094262791661037,0.011645056097383977
2022-01-27,-0.012898211138547944,-0.010070351617883277,-0.004938112132856887,0.01836306963469525,0.0029182928710309586
2022-01-28,-0.0029832934474428585,0.03136882409031516,0.02483550323307626,0.00034983493188822656,0.0017782187078276834
2022-01-31,0.005924537392067553,0.031978556656610424,0.018011085833862017,-0.005170300198128475,0.008229761360127652
2022-02-01,0.0008328835308379912,0.006803472902630503,0.006756806440074037,-0.0033196404711264282,0.0008002438768706099
2022-02-02,0.0036259919505645666,0.008125630972920739,0.00971424316004521,0.003387213255656052,-0.00015989639738345218
2022-02-03,-0.0014214062993387344,-0.040543911347258654,-0.023505086471324432,-0.007806341897247049,0.015834898536802422
2022-02-04,0.0015420788696549614,0.01261490153933198,0.004702319684678935,-0.014742041100474945,0.02204385730713354
2022-02-07,0.007402581993851909,-0.008044685296639487,-0.003209261362453586,0.0006475363771756282,-0.0035434192567740386
2022-02-08,0.003056870675416823,0.011235245392695159,0.008227738224783954,-0.006685627012728568,-0.016388394685987517
2022-02-09,0.0033991784238243117,0.021190839854694943,0.01463613427451338,0.0018813878621302127,0.008645068316480264
2022-02-10,-0.0037965605384254753,-0.022632337115982448,-0.017965689106528848,-0.01589228989346614,-0.0032725430959149593
2022-02-11,0.019054878321533186,-0.031721890838003586,-0.01971869823040473,0.014827829604854736,0.02782987499649603
2022-02-14,0.005350715998122091,0.0012390628389615799,-0.003269152516612639,-0.012441335542450083,0.009431134267251506
2022-02-15,-0.009499848975192515,0.024863978287081645,0.016126618125069436,-0.011352987349532162,-0.03134421054737346
2022-02-16,0.010284254451501385,-0.00025272358329453404,0.0011208964263200727,0.005927068733813101,-0.011512101397361363
2022-02-17,0.013668073780773726,-0.02974363086157006,-0.021361279753706497,0.0074386521538656325,0.009914970795412925
2022-02-18,-0.0007334549100845855,-0.011405499205812353,-0.006475033748406633,0.010526945308742208,0.008882650944192605
2022-02-22,0.0020890378623359407,-0.010043646661831884,-0.01073176619674776,0.002604500023333678,0.012357168337280955
2022-02-23,0.0045072272703239324,-0.025615232217436,-0.017738584371284838,-0.013782033196391041,0.010680453745253837
2022-02-24,-0.006450131470019049,0.033604380122719046,0.015049218733365732,0.0006587069015977498,0.0015096388488229362
2022-02-25,-0.003330678220184624,0.01550714779354534,0.022063838760055354,0.0007309316974761781,-0.008139784684075835
2022-02-28,0.010365345791119474,0.002978748112878904,-0.002558620892003094,0.021918583154601157,0.025531918347394322
2022-03-01,0.018163415997793697,-0.015311293296590645,-0.01523028457997666,0.01156183223355911,0.06431529522804458
2022-03-02,-0.010406339832951472,0.016779434424063266,0.018396325969713967,-0.034182966132108916,0.05012529225032192
2022-03-03,0.005953415398956663,-0.014285117988287688,-0.004978430922474741,0.010185872576542465,-0.011800575593422624
2022-03-04,0.015929145881701023,-0.014491773287174659,-0.008124639389803123,0.017263881511091927,0.06614786510026405
2022-03-07,0.014862865283030269,-0.036880950126682466,-0.029479277629289813,-0.0076298626724806695,0.03662224635839473
2022-03-08,0.027358997610294145,-0.004648625107249393,-0.007581650927784622,-0.010059437014440453,0.03714941673618832
2022-03-09,-0.029711176156992036,0.03599822884460835,0.026811003881536566,-0.009799454958871134,-0.1165866680193518
2022-03-10,0.0031212277978962533,-0.011104333178129644,-0.004515886152924087,-0.014367070874849897,-0.018682968587558246
2022-03-11,-0.007027884128157469,-0.020738424072954675,-0.012714952639469423,0.003346361310528012,0.03159605785071529
2022-03-14,-0.015073711931138378,-0.019204956796680217,-0.007308278899315512,-0.023348671245253305,-0.04659692561370443
2022-03-15,-0.01870545038411886,0.03136702254996804,0.021990658910866934,-0.0017456402186547537,-0.05779790357131931
2022-03-16,0.006260803404375848,0.03708679077462462,0.022174111843717537,0.00980815342472341,-0.0050997885491488315
2022-03-17,0.004888644573449508,0.012106078416334487,0.012510858232783306,-0.007454073632441549,0.0790861397542415
2022-03-18,-0.008789852082788041,0.020468077265983098,0.010952720576020925,0.012212787437792194,0.013029303481221888
2022-03-21,0.007640798069546317,-0.002780064574539165,-0.00029247818269872994,-0.02315633253610938,0.06564846685353087
2022-03-22,-0.007250775291250955,0.019652533140038564,0.011701531423173206,-0.012811855314830534,-0.012320886920461183
2022-03-23,0.013659661796972422,-0.014371294276673496,-0.012878394348902589,0.021914682407190966,0.04315172473267981
2022-03-24,0.007260367097212672,0.02222649682254718,0.015074421706269714,-0.007832493352384007,-0.026845601344337555
2022-03-25,-0.004095451209537915,-0.0008338920491373081,0.004883484327309784,-0.01387265386355907,0.01241376631685931
2022-03-28,-0.018203790082975457,0.01547240017814766,0.007112922447175096,0.008549251187866203,-0.07691354036137854
2022-03-29,0.00044678784846130526,0.017209591101667865,0.01237094158486407,0.007552752358783277,0.02173625081330388
2022-03-30,0.008038419372069505,-0.011045731331592257,-0.006174825662262684,0.007801354841759922,0.02311230598770697
2022-03-31,0.000387595883929448,-0.012394503626230513,-0.015391294497740904,0.0024289276273257165,-0.04864588290823768
2022-04-01,-0.006365867342034592,-0.0019034746081673104,0.0028341435403356208,0.003806742473166702,0.0006745199745097352
2022-04-04,0.004846769455083555,0.02058876501006157,0.008566637985086833,-0.006949812766718133,0.03626806670911509
2022-04-05,-0.006264842571455875,-0.02220409821308733,-0.012631310868782442,-0.02259256897770401,-0.026801945644485348
2022-04-06,0.002343216670796844,-0.021711611772162853,-0.009999443702714772,-0.008094120430639506,-0.02339572097061393
2022-04-07,0.003784886240234764,0.0023778778774783405,0.005038925002299077,-0.007532323478394276,0.0008213217807977458
2022-04-08,0.006265969312183373,-0.01397912095214393,-0.002673875968092987,-0.010830886435780673,0.01367801930859791
2022-04-11,0.004959463770487282,-0.02365747174853905,-0.017092527180145867,-0.015824961130124993,-0.024423121625786748
2022-04-12,0.007676751619003053,-0.004224282565900572,-0.0037049738625482,-0.0013802597827070606,0.05089903388442951
2022-04-13,0.004788537865617837,0.020327221890652725,0.011453628473765631,0.0020329603012758657,0.0321136444354877
2022-04-14,-0.003303550666205468,-0.022867106215283095,-0.012451813788340482,-0.02004542515654273,0.014664646171010931
2022-04-18,0.0030971927027434454,0.0007680456709433514,0.00041093388417978716,-0.00496867376296517,0.010556792390433944
2022-04-19,-0.015112904376299419,0.02235133010174062,0.016142905498560234,-0.007491161786947198,-0.04414877366098957
2022-04-20,0.004894947496407287,-0.014584735311499064,-0.0007414932071927449,0.0201259771098643,0.004944018350252044
2022-04-21,-0.0035576001936850066,-0.02069114085292345,-0.014953709170161922,-0.0073982040750494305,0.01139312412157989
2022-04-22,-0.0097220932450649,-0.02618586423910052,-0.027439062195532382,-0.00629411471481256,-0.02316954844279595
2022-04-25,-0.017970993150090764,0.01284599689761845,0.005797599041747814,0.010000814602224128,-0.021753323100819566
2022-04-26,0.001525017044941901,-0.03774509379851643,-0.02896102364459474,0.010066876529166269,0.02424645038977369
2022-04-27,-0.00755702425744631,-0.0011979913342724524,0.0028119372162576095,-0.01282579793821692,-0.0011770381764090176
2022-04-28,0.005398323510093839,0.035515578570809,0.025259330484932008,0.0014895739488414161,0.022390978433599606
2022-04-29,-0.00011297696546286318,-0.0449988265212502,-0.03695552393507817,-0.012973186125728287,-0.011782763157920484
2022-05-02,-0.018540493535693647,0.016696296560058332,0.00601965333941501,-0.017333726832119645,0.015811217384735343
2022-05-03,0.00264926246698316,0.0010676150981945298,0.004583677029800892,0.0067421925508228675,-0.021561557428327438
2022-05-04,0.009822544372671826,0.03381208157110516,0.030453207414602224,0.005509847326863104,0.046029451909248786
2022-05-05,-0.003811138551277793,-0.05036436198604488,-0.0355428665131563,-0.027398729959942414,0.003241113591049949
2022-05-06,0.0016558743678838361,-0.011980812041714084,-0.005969022932993506,-0.014735207655333427,0.020501911377495352
2022-05-09,-0.014479496708730832,-0.03912677463629877,-0.03201720127317975,0.008797433223938445,-0.06769752519822914
2022-05-10,-0.008445202872691127,0.01214875470993837,0.0023105224226567245,0.009069304099574405,-0.026642300165311883
2022-05-11,0.008167128516088473,-0.029658241721951972,-0.015886028856555323,0.01927285066708917,0.04897358896633741
2022-05-12,-0.015333925720196762,-0.002364173807625325,-0.0010438051575780705,-0.0018656499353593148,0.01343058387898588
2022-05-13,-0.00810956630229509,0.03706024188700541,0.023907503273385977,-0.014780688752714766,0.025873978739190395
2022-05-16,0.009538483763206873,-0.01159231190212373,-0.004057524904978682,-0.001034965342116223,0.022514786645405405
2022-05-17,-0.006279296383541522,0.02590165672714373,0.0205703758496405,-0.012083105945372652,-0.024064492664086168
2022-05-18,0.0005314848929158789,-0.04909054310348093,-0.040311370036236416,0.021317225543404872,-0.022438659611992984
2022-05-19,0.014697234801531733,-0.005358197706722856,-0.006124572244926463,0.0023950445639553397,0.0162694022024501
2022-05-20,0.0006980112537449124,-0.0031078749856097154,0.00043619212411694086,0.011350312893422476,0.01327872512422612
2022-05-23,0.004650369455528214,0.016627369702453043,0.018710076549294463,-0.01645445374691712,0.003919163366124412
2022-05-24,0.007521859850632806,-0.02126189920529975,-0.007633675465256284,0.019732309509127965,0.00036597265890114805
2022-05-25,-0.006029994959596108,0.013995304792528085,0.008834969236569679,0.00395459034677037,0.005853699474799967
2022-05-26,-0.0018488983177334939,0.02770701219348215,0.01998138617199907,-0.0045254684145031865,0.025581873121731213
2022-05-27,0.00052102106703944,0.03263940709558888,0.02454928480286367,0.0024411954564500515,0.01028493656752083
2022-05-31,-0.009893009276743081,-0.002652621796687238,-0.005611189021581975,-0.02116229249457202,0.00011703880572921932
2022-06-01,0.006369033199590923,-0.007395952806970918,-0.008088466516075754,-0.0011426920874555435,0.0008189972367433906
2022-06-02,0.012309182073779512,0.027385642296876123,0.0190435126241284,0.0005163441845725814,0.01999063673334911
2022-06-03,-0.010152017266979896,-0.026019413876263275,-0.016411696554425315,-0.002150079987040643,0.025444140065365328
2022-06-06,-0.0044037229040009285,0.003331089345210758,0.003044945832538559,-0.018443681026583336,-0.012071105580858998
2022-06-07,0.006518420844169315,0.0086257141904309,0.009592197345303477,0.010799763233420245,0.018667287445101488
2022-06-08,-0.0009251975242893229,-0.007196626946390117,-0.010872277128234908,-0.008860328718638733,0.021657007201406175
2022-06-09,-0.0031832564859568535,-0.026784503954021766,-0.0237825712995543,0.0033302876574803353,-0.00989233670885048
2022-06-10,0.013412283666592417,-0.03527081660910447,-0.02899586466035209,-0.006201783661884841,-0.010430440914997896
2022-06-13,-0.026412288230091452,-0.04649599488344791,-0.037968211456457346,-0.031379404366624564,0.0025519068450305937
2022-06-14,-0.008003209616781914,0.00181534287250118,-0.0030135544854030805,-0.012613313471792176,-0.02113771192129199
2022-06-15,0.013050939388113303,0.024971973756170662,0.014256704218401861,0.018656476952853884,-0.017184812837877872
2022-06-16,0.011243181594596585,-0.040346508107303225,-0.03309614539977601,0.007939531073591466,0.008397599843216863
2022-06-17,-0.008222816311715064,0.012159638023217179,0.0021557036196331314,0.003222292678349392,-0.04928139566215939
2022-06-21,-0.0037367862070599722,0.025229565779770757,0.025173858447589126,-0.016951942829637745,0.00851939938884283
2022-06-22,0.003985188163408093,-0.0014585652324108356,-0.0018131863557125927,0.027500146461494346,-0.037715713066515444
2022-06-23,-0.006129257292171064,0.014892745823897657,0.009802748883510626,0.00821490256600943,-0.023491517816589425
2022-06-24,-0.0009984622015154487,0.03426385796654685,0.0317937829268331,-0.013842705576158854,0.028994595958468983
2022-06-27,-0.0011170700540719114,-0.007331855491339301,-0.0038199342232482225,-0.008528470402325516,0.020425787260703654
2022-06-28,-0.0016480211262837052,-0.030466630688126495,-0.02043271192457763,0.004659141211150519,0.021584479789464428
2022-06-29,-0.0007663579045243951,0.000917066828749924,-0.0008143930631878682,0.01560819059508134,-0.020892401404125516
2022-06-30,-0.006077047294322124,-0.012403493186866399,-0.008124243475905457,0.008782031319223949,-0.03134416600091494
2022-07-01,-0.0008310541616338707,0.006600688787899989,0.010576449525474763,0.010266581652833118,0.0164281234585133
2022-07-05,-0.02120964335120412,0.017119749461890432,0.0018884710207986988,0.007857076622543202,-0.084363897932207
2022-07-06,-0.015842188833696924,0.006412052422361869,0.003377382310405963,-0.016790629212296238,-0.01484354945802524
2022-07-07,0.000555053276362516,0.021398781525198585,0.01497720821270443,-0.008800574850896137,0.039093320950108756
2022-07-08,0.0004315313201161963,0.0012543501258854839,-0.0008224236195891743,-0.011075692116871316,0.025996052050109464
2022-07-11,-0.005360507452973451,-0.021364472098092002,-0.011423761025339596,0.017244526054700948,-0.003947002227911445
2022-07-12,-0.0037167247224720867,-0.009687080553068994,-0.008848797488405502,0.005941848212729806,-0.0692829549502948
2022-07-13,0.004787690503602615,-0.0020612260728110066,-0.005251784980473184,0.01146648929234484,0.005219130552870821
2022-07-14,-0.014047055610919013,0.003570778362245841,-0.00242857204773661,-0.008158930912784745,-0.004645497416909561
2022-07-15,-0.0020084561635671516,0.018139443048137638,0.01910504139398661,0.005628034180099162,0.01221687588592868
2022-07-18,0.0009433945063559435,-0.008462900413303887,-0.008256926978671975,-0.010418362388713187,0.04163276083213163
2022-07-19,0.0023874693093759447,0.030753145173647134,0.027019427325296164,-0.005394553390219103,0.016143803314381477
2022-07-20,-0.009402031234323593,0.015856586970163677,0.0063731978690240165,0.0026242841724415378,-0.005253089635851582
2022-07-21,0.014110421925231709,0.014355028842046869,0.01018298796341699,0.017276313272199584,-0.027691931256835667
2022-07-22,0.00249575020790771,-0.017535335185754897,-0.00927804615538752,0.01681094086765622,-0.012716904379903249
2022-07-25,-0.0027385476219622396,-0.005695388268080026,0.0012148738565078698,-0.009784953805835106,0.022675465840416686
2022-07-26,-0.0011858106875901608,-0.01964884998192029,-0.0118309932517916,0.0007666898710929626,-0.013907078740715506
2022-07-27,0.010184984698782484,0.042259389378971335,0.025966269019942922,-0.005618110410787747,0.03605639904776714
2022-07-28,0.012185323455280006,0.009778242287180161,0.012542476561126614,0.007961297493396025,-0.009503088057827846
2022-07-29,0.0028110896821249565,0.018236897677329944,0.014578720077760288,-0.002717816895765446,0.011927989512524828
2022-08-01,0.0056672312077465925,-0.0006023191069974843,-0.0029611643922912156,0.024083726610247824,-0.03741198826607961
2022-08-02,-0.005938288400823777,-0.002981570385653054,-0.006597409425226686,-0.021159641116604733,0.010648250778704904
2022-08-03,0.002438243761313297,0.02723264024889316,0.01565942575425705,0.015744420968130335,-0.031608080024139174
2022-08-04,0.016539989487255546,0.004676487425850695,-0.0006754235321131397,-0.00033515337432943326,-0.02719978285329605
2022-08-05,-0.011246066300201418,-0.008168750603095964,-0.0016900498876422088,-0.023803568513217188,0.00013983134910056094
2022-08-08,0.008470017618367853,-0.003232441277511211,-0.0011610245514139805,0.016141720314783337,0.027956387676896233
2022-08-09,0.0030595386607856767,-0.011318738323407018,-0.0039710615544553685,-0.0038869427841178306,-0.001223877701450382
2022-08-10,-0.0025119508170524663,0.02791099740815106,0.021003880766511163,-0.00653135710347974,0.01184483026180505
2022-08-11,-0.0026382206776995876,-0.0056759987039556314,0.0,-0.023309422094289434,0.026372431277191577
2022-08-12,0.00919802099904432,0.01947058497152221,0.01692923006919478,0.010140573654530582,-0.017042415353526574
2022-08-15,-0.012867030834262327,0.00808122588464566,0.004120656090823571,-0.0008656311921767523,-0.028007548806296967
2022-08-16,-0.001750096754401964,-0.002341959294995366,0.0019586367389836656,0.004158011545929208,-0.022502736710401372
2022-08-17,-0.006468335614034371,-0.01140591335537644,-0.007097876233855049,-0.010437456768960462,0.011370090009508838
2022-08-18,-0.0026164156896926194,0.0024047187321591945,0.002906502278274381,0.001482025456039926,0.029979124791475575
2022-08-19,-0.007320625681104476,-0.01949702396300257,-0.01343809394612383,-0.016102482055199263,-0.002021311517712898
2022-08-22,-0.006637179344595956,-0.026327277432847573,-0.02082248312629953,-0.0033616488624542695,0.008371627964090855
2022-08-23,0.0069908740848763085,-0.0008268589903008827,-0.002419302265500356,-0.005503241494421829,0.028789522189248018
2022-08-24,0.0029489200401788818,0.0028969987419589227,0.0032010800600272837,-0.007318955300584795,0.01574904406657951
2022-08-25,0.003062787136294043,0.017681916308144086,0.014117557879387954,0.013936155377599402,-0.019733481515387008
2022-08-26,-0.012152705301765265,-0.04098795862146065,-0.03384892578808485,0.007537868476493292,-0.008496751972273286
2022-08-29,0.0006182375550920494,-0.009855544842515385,-0.00661225361918516,-0.00827318691800949,0.037442373426732845
2022-08-30,-0.008340578885610683,-0.011136570845949767,-0.010977862286566942,0.0024846304501036087,-0.04092008032533467
2022-08-31,-0.007725314789180926,-0.005813575390939296,-0.007609042241842667,-0.009560724309881086,-0.03127071117237723
2022-09-01,-0.008790162100319021,0.00043458920452832395,0.003137716039264715,-0.018308449398662607,-0.02954457179697445
2022-09-02,0.008804709144487166,-0.01412830176697255,-0.010544232134070186,0.005657220831292387,0.006765375300632481
2022-09-06,-0.0058394619355668365,-0.0071824427763975685,-0.003773207966294212,-0.024768395585048286,-0.0001400271060861824
2022-09-07,0.010168638866495439,0.020201565330524085,0.01796489426500103,0.015815520097899993,-0.05320632203566178
2022-09-08,-0.006002292729855863,0.005184215750735799,0.006536301604186168,-0.010257857347560129,0.006950511272085791
2022-09-09,0.005283756568463582,0.021862076192238344,0.015535400158132928,0.0022210703730953796,0.04420623143073166
2022-09-12,0.005068186218703863,0.011885716752976672,0.01074747170827206,-0.008217579239827466,0.01786222643764468
2022-09-13,-0.01301133993119441,-0.05483679758150062,-0.04348252854944157,0.0023278014356211685,-0.00497444516635126
2022-09-14,-0.003847613448870524,0.007933375362721762,0.0038158126746534737,0.0034359812905659926,0.009998627959224349
2022-09-15,-0.018679143196684067,-0.016653409180940937,-0.01135333876975586,-0.0006478891663870279,-0.0408359835503842
2022-09-16,0.005549107201315628,-0.006114815350752978,-0.007628853677342007,-0.008335203799479274,0.0020068719231838283
2022-09-19,0.0007700871329356929,0.007787256552305166,0.007755025161670481,0.0023346614645285424,0.0021459445293914303
2022-09-20,-0.005706587274526553,-0.007971082263636742,-0.011478574353853133,-0.009970207799046782,-0.011848705137691762
2022-09-21,0.004642973675810236,-0.01790592731050422,-0.017443795960194297,0.01675322422398695,-0.0078012266108691275
2022-09-22,-0.0005776772692025478,-0.012308058467488503,-0.008399868755767592,-0.02554887404368844,0.0042224943832083195
2022-09-23,-0.01727683040546535,-0.016281729957631885,-0.01675466981597651,0.004084566151490332,-0.052921581285738206
2022-09-26,-0.011633219026207842,-0.004137661454792663,-0.009892820659883284,-0.019110348783820674,-0.032455586983916485
2022-09-27,0.002049841746687875,0.00040093379802508267,-0.0025526142249541195,-0.02633092674187021,0.0193037561911118
2022-09-28,0.02078665233491006,0.01989217565553525,0.01967624199660034,0.033481974011684956,0.04206766782832738
2022-09-29,-0.00019392836526865853,-0.028827764574538284,-0.020888827162977575,-0.005176169148588539,-0.0053627383447156785
2022-09-30,6.462244018679009e-05,-0.0169565223381839,-0.015463721636925776,-0.01291042764848338,-0.022315380240838456
2022-10-03,0.024309785681440932,0.0234602639589212,0.026401310366315656,0.015889474466506126,0.03998162774444336
2022-10-04,0.014328122056449066,0.03144100059217769,0.030986678215641383,-0.0027932554830412126,0.035203997807265575
2022-10-05,-0.005538266375543777,-0.0005318610434190685,-0.0023281988430771117,-0.009561572943620367,0.023619859006007493
2022-10-06,-0.00112629171222689,-0.007872898268932116,-0.010315731584194854,-0.0055580605904448355,0.014595432120237728
2022-10-07,-0.010962851258976669,-0.03810402637759913,-0.02789391723630985,-0.009707923017800324,0.02890807880676638
2022-10-10,-0.015201476317757034,-0.009996339025707512,-0.007635484872202225,-0.015546176966956926,-0.017576560874086877
2022-10-11,-0.002058091550185215,-0.013738035154100214,-0.006332808130047107,0.004425613330923284,-0.02751421540910226
2022-10-12,0.00534932850905423,-0.00034251156615106026,-0.0032984813255301226,0.004907131616149973,-0.011428567175250426
2022-10-13,-0.006923532232980256,0.02345255148020331,0.026390831702449047,-0.00956664449712008,0.022416415212881402
2022-10-14,-0.012458897998479546,-0.030057692515370715,-0.022788810680551497,-0.008250368986845502,-0.032404834292636076
2022-10-17,0.0028762090057179446,0.03302139756871947,0.0256972196384746,-0.0048697464647656785,-0.0005700572405750171
2022-10-18,0.0021509701146735782,0.00790817674671307,0.011749574219533487,0.002344912496638374,-0.020390708130337054
2022-10-19,-0.013398358104674823,-0.003646931245969154,-0.0070865426789512576,-0.018205826026876593,0.01950515322867763
2022-10-20,-0.0015822103586343728,-0.005101795876463755,-0.008385167827343443,-0.017093007683556927,0.001998849055089069
2022-10-21,0.017827646105301076,0.023447809157570942,0.024301252134484752,-0.018022663222477697,0.005557130064869353
2022-10-24,-0.003243594030472474,0.011001665057447374,0.012236529268481844,-0.008264642375966025,-0.0026923968007355192
2022-10-25,0.002277944142005106,0.020685550573597666,0.015968663016823648,0.029112726450894355,0.003268021681009925
2022-10-26,0.006363608620383543,-0.022096372788273144,-0.007534104172198908,0.014406997660568077,0.033423036254804694
2022-10-27,-0.001548523944967184,-0.018206157874981255,-0.0053400691424222435,0.010470756971407535,0.00890779107859574
2022-10-28,-0.010210687443231947,0.030600953368368877,0.023790837738723702,-0.006873525562861693,-0.010866653381033098
2022-10-31,-0.008161399648159207,-0.011627805010654413,-0.007223350306940102,-0.007128115386058287,-0.017714926132017417
2022-11-01,0.010203429757038585,-0.010218134898382969,-0.0043759047459098754,0.009345253057646552,0.02222849146399475
2022-11-02,-0.006972548399621914,-0.03427693847343494,-0.025096059727174658,-0.004339960060066428,0.013129089830587137
2022-11-03,-0.003806036048150885,-0.019534851915663953,-0.010296936483921604,-0.005397073067776259,-0.010664158963292203
2022-11-04,0.030696289684813083,0.01608504328367033,0.014393112972917788,-0.016800253831479206,0.048164807411661625
2022-11-07,-0.003962389674382338,0.010994732906713711,0.00956561031849934,-0.009977155484648392,-0.0033845630989762787
2022-11-08,0.023099074133724695,0.00728720522007853,0.005395405858787727,0.010935005338560622,-0.027298803612044065
2022-11-09,-0.0050172660211307285,-0.02307639836368225,-0.020602215641095323,0.00328739533114919,-0.03759907353109315
2022-11-10,0.030444387121793204,0.0737883282235754,0.0549543245653239,0.03847385965516681,0.007953114404727346
2022-11-11,0.006606324071935177,0.01842616446242995,0.00967847828995505,-0.0036645596042409467,0.02962346972495844
2022-11-14,0.002187655661719301,-0.008751264791858726,-0.008506706218896154,-0.00245142213970595,-0.03320776663775815
2022-11-15,0.0035168677995043307,0.013838855158003982,0.008528893477808497,0.01618010848899254,0.01863435224098997
2022-11-16,-0.0022961020109516506,-0.013649955402278535,-0.007628750962806574,0.021868218731456945,-0.016518758832391178
2022-11-17,-0.007267423593311895,-0.002206994689149089,-0.0030596670340883314,-0.010551977261967771,-0.026374257381073796
2022-11-18,-0.006893636502166456,3.5182215379236936e-05,0.0045403538300961,-0.0068771190024164985,-0.015825500713012253
2022-11-21,-0.005589952950737276,-0.010287312413328475,-0.0036363162379917657,0.004215040581065699,0.0
2022-11-22,0.00117372396636517,0.014402929664682151,0.013457198015645044,0.01419153307362686,0.013762198963295447
2022-11-23,0.006231840940288613,0.010036625933947052,0.0063016301400034,0.017441724981905216,-0.03672477238556149
2022-11-25,0.000858470616118101,-0.006578409100611693,-0.00022372569572481904,-0.0033895661854530523,-0.006675634967954536
2022-11-28,-0.007903495498554403,-0.014673193985371036,-0.015957092432458464,0.002818207053264299,-0.0011947704920629576
2022-11-29,0.004940425418036076,-0.007569572603745245,-0.0017174382788784914,-0.011726009111674762,0.02183013074806972
2022-11-30,0.012781920270785507,0.04558572396676985,0.031500543326814956,0.007354689664456293,0.027655942644454923
2022-12-01,0.01838479961277617,0.0012271984547918002,-0.000735894548363869,0.031945368986690204,0.0031324730285218205
2022-12-02,-0.0034556830535615868,-0.003983479855858452,-0.001153805590841328,0.012575858262119599,-0.008658632175665204
2022-12-05,-0.017158885635801036,-0.01678329393710698,-0.01798919244322017,-0.014007226304997733,-0.0303550290428255
2022-12-06,0.0027373742314797944,-0.020720405513518392,-0.014414798837213083,0.012880120628067315,-0.036769016817564615
2022-12-07,0.009039101712364994,-0.0040823798951600265,-0.0017011897907771578,0.023562546059001876,-0.024222010574015074
2022-12-08,0.0008416965556858891,0.011834553268007975,0.007834029452290725,-0.0027405227858169345,-0.014768301946136875
2022-12-09,0.003544160110315664,-0.006376540647243689,-0.0074701001388941535,-0.026014365184011456,0.002232489103689117
2022-12-12,-0.008260534556326027,0.012551144458247343,0.014417067903949476,0.0031973909648712606,0.024821085534801224
2022-12-13,0.017081132038632596,0.010750067168791233,0.0075696441741635034,0.009655865705031186,0.02251198363298923
2022-12-14,-0.0024330212847030186,-0.007413694170462004,-0.006393292837347242,0.004271174148324786,0.022775584362266788
2022-12-15,-0.01635930934057528,-0.03357648423666548,-0.024461799941751128,0.003901974849891632,-0.017963169143539348
2022-12-16,0.008708721678036602,-0.009534498055852159,-0.011805871114090372,-0.011170790833400779,-0.018896447031992558
2022-12-19,-0.0028178306902848504,-0.014053619561108621,-0.00847968061840465,-0.016804880397186528,0.018027706339556415
2022-12-20,0.016594482836064905,-0.0007784426229602293,0.0013682009144799778,-0.017757368087393366,0.002270342463625896
2022-12-21,-0.0016560135809358112,0.01450651059959629,0.014952653522956272,0.0025138230442414145,0.027786111506675093
2022-12-22,-0.012085358459954287,-0.02446548131735582,-0.01426630575126897,-0.00019286650628735913,-0.005289459642451977
2022-12-23,0.002998321039039853,0.0022492010124031125,0.005752460765568568,-0.014660767049427648,0.02392914061459339
2022-12-27,0.008430011409881644,-0.014138155151407816,-0.00394376194631052,-0.01977273315559236,0.0030294155423711278
2022-12-28,-0.004505807286929064,-0.013202681745994038,-0.012427999634815223,-0.005891695749289494,-0.013663123326920878
2022-12-29,0.005598251568726287,0.024374752313437442,0.01800052992827994,0.011350827648651807,-0.0007291200119969865
2022-12-30,0.0046786689817972515,-0.0006005230324191979,-0.0026340033054681466,-0.011124062729491402,0.023055623219010002
2023-01-03,0.008370656531798915,-0.006759534295114,-0.004209929123470957,0.01908368324675025,-0.03523036940807611
2023-01-04,0.0094119059589024,0.004764193498174585,0.007720201791125092,0.013700116571967458,-0.049379011946025786
2023-01-05,-0.012451461859522062,-0.015654487074319712,-0.011413450316569484,0.004180771621557833,0.007464940976016576
2023-01-06,0.01870749684189077,0.02760168260868623,0.022932199798045172,0.018396661319149077,0.000771890285582888
2023-01-09,0.0022451175785793698,0.006472912577796475,-0.0005668858713092639,0.005324359087387709,0.01619613439314005
2023-01-10,0.0036760446135073455,0.008464771652718417,0.0070125367403190975,-0.016550449235410714,0.0003036471356243631
2023-01-11,-0.000686793935011365,0.017300049891149083,0.012648085949849674,0.01625156632641689,0.032625212080376054
2023-01-12,0.011568000967502767,0.005404459284791052,0.003640823803058746,0.01968215325128697,0.008229206957828028
2023-01-13,0.012001783992939385,0.006880406320501464,0.003879512872373647,-0.00937268076600073,0.020988229537910685
2023-01-17,-0.00654507834469964,0.0020289362260543786,-0.0018319069772806396,-0.00646374407669037,0.011563133808791815
2023-01-18,-0.0028717524486322477,-0.01300022298990533,-0.015787983380918136,0.0242316794693771,-0.019051629445285045
2023-01-19,0.015868520044824974,-0.009824350717609676,-0.007279889863713085,-0.006259781796559394,0.015537248863026987
2023-01-20,-0.003335405556458948,0.027366878722382415,0.018629033847528342,-0.016211298867693014,0.013599755824776683
2023-01-23,0.0018964337632443318,0.022215788642815593,0.011998576243338333,-0.00470816006100816,-0.0006988546418599251
2023-01-24,0.003618515163479552,-0.002041699599333313,-0.001073240968647804,0.014380345554594998,-0.017902080829326872
2023-01-25,0.004603959599926544,-0.0022190931426252503,0.0003750649664677752,0.002425199450047044,0.004129890493961508
2023-01-26,-0.009055266877154966,0.019497399221173328,0.010990154229988391,-0.004651842530513095,0.005956575751250748
2023-01-27,-0.0013929904624704337,0.00995404624378704,0.002297479609040476,-0.0025242392388193924,-0.020160726054183176
2023-01-30,-0.002566715270248765,-0.020218635698023735,-0.012546595001958538,-0.003654524293145056,-0.020143906847178483
2023-01-31,0.0036362115419990015,0.014986103574448517,0.014703162942786951,0.00799446320331687,0.0179148494572543
2023-02-01,0.012596814339808304,0.02138362878614042,0.010628045420490118,0.012021441197748839,-0.028274655122639825
2023-02-02,-0.02075193653580043,0.03588963991350602,0.014556822769197009,0.0012940861328385456,-0.011728041988852689
2023-02-03,-0.024957770292002968,-0.017772305417636525,-0.010629047461188312,-0.014955814193401307,-0.032597238679483276
2023-02-06,0.0020754098721176284,-0.00845901053102005,-0.006111372208094101,-0.007403862427610597,0.01708072124313631
2023-02-07,0.000920425708082595,0.02071858454428188,0.013078532718526548,-0.008025738147093842,0.0345038494080987
2023-02-08,0.002471594120761589,-0.017781158405734465,-0.010934649772500693,0.0047592531409514915,0.013577304308457272
2023-02-09,-0.007912418174625069,-0.00883763935232662,-0.008669201449988728,-0.009473253301250484,-0.011065843518541674
2023-02-10,0.0019071943211166342,-0.006563407129125842,0.0023335873505687665,-0.011189642044969639,0.028710315521302654
2023-02-13,-0.005076170279846859,0.01601634926988149,0.011739091835972548,0.008414387539733337,-0.005295587978206173
2023-02-14,0.0007537389032514774,0.0073890965647978035,-0.00046030552876108466,-0.0023018795689531135,-0.001438826965771134
2023-02-15,-0.00996466725346834,0.00766087798075743,0.0032475224366930178,-0.00932503205698998,-0.005475574559905438
2023-02-16,-0.0008192368783922488,-0.01876418844726291,-0.013768953936960537,-0.014167883718600893,-0.008258471784227228
2023-02-17,0.002986790669610162,-0.007055789197003559,-0.002498295071325596,0.007776191628042994,-0.02089116682148373
2023-02-21,-0.003737004613899475,-0.02367518716135175,-0.020060789797157086,-0.019437019536205913,-0.004923817042510992
2023-02-22,-0.005626488586046308,0.0007482650101537924,-0.0013781568733265415,0.009163894167649955,-0.02654077384411646
2023-02-23,-0.0005304511136865475,0.008734237727178407,0.0053193887571933995,0.009772164210890333,0.022489204030369914
2023-02-24,-0.00719467575637045,-0.016744381434235067,-0.010682377041181801,-0.01300091675224424,0.010846659392804492
2023-02-27,0.003920334893926292,0.007161348713027316,0.003405700613174245,0.0027727257410008477,-0.01266763775633939
2023-02-28,0.00455596886271592,-0.0012928340675072425,-0.003695864021862727,0.0045435955058130695,0.0144905522184553
2023-03-01,0.005772150633673867,-0.008039143925531067,-0.0038358657027374177,-0.010743019751420557,0.012795724178937595
2023-03-02,-0.0005855636445488699,0.008276042467051825,0.007777355364443572,-0.008867419405406363,0.0033789240188741854
2023-03-03,0.010723085619275707,0.02067359357241072,0.016037673103702632,0.024226086513412515,0.02284037319019716
2023-03-06,-0.005043830646819902,0.0011346450282929688,0.000692820495610702,-0.007753518723890851,0.009017996677838758
2023-03-07,-0.017480480627863337,-0.012265895026184359,-0.015328870967601937,0.006132819755077623,-0.037452113344513926
2023-03-08,-0.00047445044105887124,0.004994524497161201,0.0016323832787856762,0.0009827401412789705,-0.011053795384919018
2023-03-09,0.009849316056938173,-0.01732609933822682,-0.018450031870404282,0.002455213499953146,-0.012816700892821054
2023-03-10,0.021562856843419187,-0.014043531233207562,-0.01442945232930426,0.0344864296832339,0.013586979995528825
2023-03-13,0.022948211912439564,0.007416140371477198,-0.0014252252547302113,0.0022730291215347087,-0.028150125213433297
2023-03-14,-0.005791064746217711,0.022979696586501674,0.01653013713798912,-0.01644196347882254,-0.03555555087853213
2023-03-15,0.007804133170404848,0.005246047426070044,-0.006254553916043903,0.019310682437951865,-0.04624185338153841
2023-03-16,0.002020092008242713,0.026360976953365478,0.01754544761380039,-0.007822879131648697,0.000499813046785702
2023-03-17,0.02912021467748982,-0.004726035204404955,-0.011692841808548682,0.015009138583718551,-0.023147367315711542
2023-03-20,0.0003808677357699519,0.0035484568062704724,0.009615607246501012,-0.008797590893883545,0.019263570935128316
2023-03-21,-0.018875115806276432,0.014282656939214045,0.013130745594499116,-0.008592053313344228,0.024084271695252957
2023-03-22,0.01702060989813825,-0.013597917005226168,-0.017046661424809928,0.013333340015497575,0.006206125607646218
2023-03-23,0.012538176085624908,0.011858052370813166,0.0027034105624375027,0.0,-0.010063283975695891
2023-03-24,-0.011252350246951037,0.0036804714376243997,0.006561910930938275,0.004229381333253235,-0.0004919264333244078
2023-03-27,-0.009256722051406152,-0.0068512879269153615,0.0018700810649652233,-0.023491214228750112,0.05232943716068372
2023-03-28,0.008189093257242153,-0.005311474089142232,-0.0022447680017475546,0.0018210607929183276,0.006235409452290286
2023-03-29,-0.00496077000653139,0.018233743587417583,0.014534969231666972,-0.0020088807581643,-0.006196770053723655
2023-03-30,0.009039576549164652,0.00946531857282662,0.005855098241038581,0.004601066329573467,0.01823847453025107
2023-03-31,-0.005212246135594234,0.01663075359727406,0.014094560355016661,0.014981134557644271,0.01714639852747535
2023-04-03,0.007204410308019105,-0.0024305328483312794,0.003810483286925459,0.0047026902280493665,0.05764590699763805
2023-04-04,0.018640958960437715,-0.00337327628621642,-0.005547955798634319,0.004971928321181984,0.0
2023-04-05,-0.0007979247786651378,-0.009872453963905903,-0.002618292900103625,0.010454762445657684,-0.0004269073677241053
2023-04-06,-0.007134091065472581,0.006742203810136349,0.003900853362376111,0.002586627619286741,0.0002847988762717524
2023-04-10,-0.007399886547073353,-0.0005658433196662482,0.0010263589076631163,-0.01612473414146698,-0.007116424491854234
2023-04-11,0.006320556237305208,-0.006417956348662934,0.0002685714853463139,0.0020607914638632874,0.01877863415249803
2023-04-12,0.004885138866613126,-0.008833797026457035,-0.004075836018585743,-0.0010282766681514177,0.01913607170664733
2023-04-13,0.013515672558895409,0.01958243319080033,0.013282698737322018,-0.007858777547317897,-0.008698015335683373
2023-04-14,-0.017710313033589165,-0.001880077385267187,-0.002442868872969073,-0.009146347499336738,0.004038903534917315
2023-04-17,-0.0044537552497120325,0.0008476723512604867,0.0035884055441717244,-0.011895934177995393,-0.017339437695920612
2023-04-18,0.003880780603893852,6.260733818463926e-05,0.0006521155542618118,0.0035636359163206954,-0.001552696028277456
2023-04-19,-0.004778520212877502,-0.0004705982848808299,-0.00016894828731650602,-0.0009598631458307416,-0.02021773274856775
2023-04-20,0.00393825919904689,-0.007624432877196163,-0.005457084259788525,0.008549586374041462,-0.024531089506115045
2023-04-21,-0.00988766926809792,0.0010435454868353844,0.0007770349055102876,-0.005619688474080897,0.009023677871606628
2023-04-24,0.003039335460481629,-0.002084718857572443,0.0010430840856283652,0.009674513842167443,0.015247044853927916
2023-04-25,0.005086318131183543,-0.01886366499236325,-0.015873832886858508,0.014704647240175284,-0.023537866475349722
2023-04-26,-0.0054373863086726315,0.006064841293038414,-0.00423545281097204,-0.010658508477847883,-0.03342209471212576
2023-04-27,5.410039265330013e-05,0.027190621783782953,0.019907913731063376,-0.009922494180635955,0.006884898164626341
2023-04-28,0.0002706525128974846,0.006898994278435433,0.008535088504447952,0.01613053792897068,0.025680025894265768
2023-05-01,-0.004491351825477108,-0.0011473842713598525,-0.0010096506951057238,-0.028834427565968435,-0.014074028862847254
2023-05-02,0.019296640909943763,-0.008721374605679455,-0.011239125031832109,0.024919886283494286,-0.052592090972185424
2023-05-03,0.008479075840785555,-0.006543963855839219,-0.006864130899539633,0.0055817582868826765,-0.043457539998810524
2023-05-04,0.00703295344911492,-0.0035299001287466547,-0.007082928354303686,-0.009878544158718694,0.0064665790211895224
2023-05-05,-0.015647950479605433,0.021254328433536473,0.01851252786634272,-0.0033256182218804886,0.038385469309252684
2023-05-08,0.0012269055761324754,0.0024774084653087503,0.00026668285821762616,-0.014014734855625655,0.019514570533953446
2023-05-09,0.007086162362163639,-0.006332916729464677,-0.004385574678523296,-0.0035776163275857975,0.009492695145860264
2023-05-10,-0.001428442843921074,0.01088168998208805,0.0046724467004195525,0.009704179190293871,-0.007399465648379122
2023-05-11,-0.008582755587748347,0.003260110972490571,-0.0017439512922760025,0.010571836753691777,-0.01770460320631262
2023-05-12,-0.0017100802429794726,-0.0035868508317099534,-0.0013102677655305595,-0.008369209534636601,-0.018656131307126955
2023-05-15,0.0021412620336231925,0.005415045553786024,0.0034499907765410676,-0.010357720722320551,0.014822007220330224
2023-05-16,-0.0124993937971285,0.0011319616904659213,-0.0066824158098672815,-0.003004214322608223,-0.007144003031409496
2023-05-17,-0.0034618889303412725,0.012104482335532296,0.012138779886304851,-0.0029158102105012462,0.032938879572070645
2023-05-18,-0.012972911279784505,0.01857308809856928,0.009633195523003346,-0.007408966963081465,-0.00866869306224649
2023-05-19,0.0098988291245512,-0.002253316178555731,-0.0014550025391444343,-0.007071670305129563,-0.002186124104418763
2023-05-22,-0.002341497915543389,0.003358132485090204,0.0004062626577325812,-0.0035605427782142707,0.0001564682518693239
2023-05-23,0.001200731149241463,-0.01267645919624838,-0.01122306993140143,0.002878916260748987,0.015021168854044253
2023-05-24,-0.008068450017086337,-0.005129567372534005,-0.007244768283739655,-0.004948842868862324,0.012178216156603527
2023-05-25,-0.009618027091793824,0.024333194329545504,0.008659868892332279,-0.002487205267174053,-0.023911167174131
2023-05-26,0.003995567330169925,0.025550244130404298,0.012950663474598834,0.008077597564964734,0.01107827671145345
2023-05-30,0.006190554546333882,0.004535084657561139,0.00038098799505537073,0.009991165960306025,-0.03858030396542467
2023-05-31,0.0015382006614657051,-0.005686173978640019,-0.005545263288205038,0.008716822618971332,-0.02680574942851488
2023-06-01,0.00789813034647624,0.01155210877584989,0.009501116256561026,0.0039234160307122234,0.03166746058256331
2023-06-02,-0.014747450675273721,0.007499655954773532,0.014461138742315915,-0.010958178296222365,0.0255795732747246
2023-06-05,0.006020416015011243,0.0007050618831641042,-0.0019161353995705843,-0.001862967923279668,-0.001870658514850132
2023-06-06,0.0010980396887689814,-0.000169263841590106,0.002177163942842064,0.005893938011830802,-0.003748209719584339
2023-06-07,-0.012010543410059138,-0.01696508850483791,-0.003457502638104404,-0.014843730412385847,0.014422294336750463
2023-06-08,0.013211240429905624,0.012413055042914456,0.006048552405333085,0.011696954800859638,-0.019316952830863876
2023-06-09,-0.0026845203333208945,0.0038228189158000525,0.0017941873841125222,-0.0013717090090651363,-0.00835169850209716
2023-06-12,-0.0008788640365902101,0.016897155649704843,0.009072020142689263,0.0029433285648376994,-0.042745886122103505
2023-06-13,-0.007367558613950331,0.007684029478561838,0.006592885646650615,-0.009880242070059997,0.03154046577426994
2023-06-14,0.0005539277015322863,0.007267308368009706,0.001190861927732767,0.008002880307719007,-0.004988695874454607
2023-06-15,0.007030581691497284,0.011916135653326387,0.012397650781575953,0.009605898323898465,0.025553905378729258
2023-06-16,-0.0015392159510752013,-0.006292923905729331,-0.003406396891392549,-0.0038834861218666195,0.014824138605440185
2023-06-20,-0.010350739592973501,-0.001431565426089354,-0.005188077261444879,0.006920250565271457,-0.006682211583092901
2023-06-21,-0.0014464228474878604,-0.013627916108819527,-0.005123837237105855,0.0024199267990254736,0.017521945848962384
2023-06-22,-0.009916979914319946,0.011798910171563426,0.003609855893445646,-0.012070088298226422,-0.03874539394666676
2023-06-23,0.0027572461643308177,-0.009913295866239125,-0.007560143192721691,0.009969540751568529,-0.0015995247614548624
2023-06-26,0.0017396047357047806,-0.013405627328150982,-0.004085522721766988,0.0010645245570040096,0.004966379083382266
2023-06-27,-0.004593535884055422,0.01719424261204283,0.01096316014607357,-0.002610313620452387,-0.022796115345305457
2023-06-28,-0.002307409851291853,0.0019515443161517432,0.0005043830853805886,0.0042647867648795135,0.01990214087907427
2023-06-29,-0.001071764681377263,-0.002002426864018414,0.003941423498616148,-0.01804868628737133,0.007037725903508818
2023-06-30,0.006663323502016594,0.015420067604099863,0.011800696993804705,0.011794916188816451,0.009371031784741524
2023-07-03,0.0011218766110339118,0.0023548806976438907,0.0011505137043690272,-0.0056688775897987265,-0.002517700225538322
2023-07-05,-0.00353003237800964,-2.69172571063514e-05,-0.0014872394413387724,-0.009502221699970503,0.019561411511419324
2023-07-06,-0.002980200124891419,-0.0076161116782614835,-0.007830430924611997,-0.014142930513405871,-0.002939731085965236
2023-07-07,0.007500997402107412,-0.003319928502687697,-0.002524879727061724,-0.006019576947350336,0.021880756972300297
2023-07-10,0.0007836956455820054,0.0003275963836208984,0.0025312708815943274,0.0013124380441993377,-0.004707631978390636
2023-07-11,0.0037476125602418087,0.004940559541908529,0.0063684694656633845,0.005140162468817655,0.022734175205306295
2023-07-12,0.013541420874312982,0.012630175575785163,0.008045825761190173,0.01113138921199619,0.012531761637814665
2023-07-13,0.0007146999149643118,0.016978546616088108,0.007936863607577394,0.010512677001042192,0.017975446322934463
2023-07-14,-0.0031866482531699436,-0.00021079739643103945,-0.0006228861330327407,-0.005888928225455503,-0.02344760751274
2023-07-17,0.0007165567329587841,0.00933839320987695,0.0034722868528593853,0.0004938296148153665,-0.013191038588203585
2023-07-18,0.011456278139590825,0.008180839018461672,0.007430717275671128,0.004539139997498998,0.02072690320615611
2023-07-19,0.00016335645500209495,-0.00023343771487338572,0.0022235760294291307,0.011296743786948671,-0.0039728759079411535
2023-07-20,-0.005063389149303599,-0.023052203868660137,-0.006634425064858895,-0.01214203363466404,0.005318371951060108
2023-07-21,-0.0030645332195952113,-0.0029990597341987835,0.0,0.00029494962770715283,0.013813295662849168
2023-07-24,-0.00428147332668416,0.0015974489752479393,0.004467411246883435,-0.0036368954067718118,0.02464131947059367
2023-07-25,0.005567859975791123,0.006777649231996197,0.0027299962945865897,-0.0018742800616950994,0.0066487650936595255
2023-07-26,0.0048791150253855164,-0.003326294151560494,0.00015371106145845026,0.000988229779252059,-0.007026418975105142
2023-07-27,-0.01571197400361901,-0.0023841357875832303,-0.006630187342205218,-0.019452823453435353,0.010897206384936853
2023-07-28,0.007981390400291666,0.018214740722401368,0.009790406296505738,0.005135504724561146,0.009239759623338895
2023-07-31,0.0026944104889450315,0.0005215287910855793,0.001904141921175606,0.002404887378137044,0.01498129956884231
2023-08-01,-0.010364679607279714,-0.002319799751874907,-0.002861648273700834,-0.01638669874628207,-0.0028700162597760093
2023-08-02,-0.004765602229612864,-0.021944020950672827,-0.013910872349277015,-0.010698906058088986,-0.02028502941489252
2023-08-03,-0.0003341470787491252,-0.0016028226132510648,-0.0028658001450105886,-0.023071680326790966,0.023223222646278963
2023-08-04,0.003620414278603157,-0.00468161519462329,-0.004522745349619273,0.01771246105984381,0.008887086837614966
2023-08-07,-0.0022753962847783527,0.008466844909297722,0.00872863356782383,-0.009841415957325905,0.0004065426063786237
2023-08-08,-0.006341080194621318,-0.008502353217592296,-0.004348655725330608,0.011613127929419598,0.0032511225245419606
2023-08-09,-0.00475820704444585,-0.010994526358525603,-0.00668538180152789,0.005171187837941904,0.014042680931828588
2023-08-10,-0.0010686044760203073,0.0018482904621375251,0.00035887573966597586,-0.016462918890285283,-0.01198404186637958
2023-08-11,0.0,-0.00637578937090999,-0.0005828750666079241,-0.0023015029537780674,0.000673895603967356
2023-08-14,-0.003040588549344525,0.011222210899158869,0.00551975154827411,-0.002201713595533783,-0.005925958806818232
2023-08-15,-0.002654474343068869,-0.010611477737586417,-0.011648692375342828,-0.006095246515432917,-0.016122406874042317
2023-08-16,-0.005776029417432049,-0.010588942225193021,-0.0073381579205229475,-0.007823946738737875,-0.01721288836027801
2023-08-17,-0.0015378724223797935,-0.010923065683565603,-0.007619729026345112,-0.004262612261026533,0.00854701677002212
2023-08-18,0.00017112823031739666,-0.0012548159656649016,0.00048108314425077126,0.0035315496308983008,0.011253091425644124
2023-08-21,0.002737670236275802,0.016111493368716756,0.006506303868592855,-0.013330459500885405,-0.0028849990634889355
2023-08-22,0.0016495566176504273,-0.0014293097494522122,-0.0027086309916933837,0.007674358925662705,-0.004133412016937288
2023-08-23,0.01016464068195777,0.015768751860651298,0.011137884357937278,0.024777267704527484,-0.012728253797492095
2023-08-24,-0.00022482031744353037,-0.02137560071847311,-0.013859214071814563,-0.006594202255179815,0.0007007154054110565
2023-08-25,-0.0012932863561120334,0.00775143421948532,0.007049871211805447,0.0032664568614655387,0.014563691819058588
2023-08-28,0.0028713533365909427,0.00752718512704309,0.006341375928172299,0.001050367746883385,-0.0005520122542086447
2023-08-29,0.009768091768254772,0.021839691676534656,0.01445475939832308,0.01038595903696038,0.012567269530342928
2023-08-30,0.0025018747942815445,0.0055768503583679685,0.004118729368357776,-0.0010383901483610458,0.004637260893348927
2023-08-31,-0.0016637258183913595,0.0029985102612031245,-0.0014633607753571365,0.004469521024427214,0.019006161103471753
2023-09-01,0.0004999240959600026,-0.0010583714354717166,0.0018653101064862732,-0.015578194826405656,0.024780184796830085
2023-09-05,-0.008161685723844458,0.001271407773473232,-0.0043219841698554085,-0.014022519262289701,0.010920488654201366
2023-09-06,-0.004534245193468567,-0.00880806721617955,-0.006722372421519296,0.0024593719632148847,0.009773591640397372
2023-09-07,0.0010684498647577367,-0.007151610564474331,-0.0030703730264346474,0.0027733989717002583,-0.00725929341815057
2023-09-08,0.0003370270596214642,0.0013975451909247205,0.0015061262974236378,0.0038292795813799074,0.00449013620549632
2023-09-11,0.001853109993606994,0.011782966926503713,0.006576646870672942,-0.007205583257105408,0.0008939935133585042
2023-09-12,-0.005156651253074851,-0.011088440568404856,-0.005485570735918599,0.005763583909641046,0.016970705053575674
2023-09-13,-0.0023100098564432514,0.0038089444143158957,0.0011659670580213,-0.0002122868865865879,-0.00025089891884677584
2023-09-14,0.0005082241752882855,0.008177116536688844,0.008622406978120223,-0.0072180958861094435,0.01807231972754786
2023-09-15,0.006603816566220333,-0.017122804845900452,-0.012048387681025674,-0.006094443576618702,0.0020956381063790275
2023-09-18,0.005887647601878543,0.0010423554889420483,0.0005863607756251277,0.005701810533718987,0.0019682129525513403
2023-09-19,-0.0009476457412548323,-0.0021313915920951887,-0.0020737579011990137,-0.007380575527415667,0.000613911032919745
2023-09-20,0.0007253927124595272,-0.014410413616191109,-0.009193264252657651,0.003124662899824049,-0.016687124053393454
2023-09-21,-0.007248413758109917,-0.018324442788349993,-0.016528360624534222,-0.025673952017232438,0.0033691574060057405
2023-09-22,0.0032013033173832195,0.00013966623236139064,-0.00224842835750505,0.008048803183670072,0.0027358982873950666
2023-09-25,-0.005150588926742139,0.004749807985748422,0.004205209161505241,-0.024609126350388588,-0.002976533200357512
2023-09-26,-0.007990985893820302,-0.015016326179749795,-0.014691250625865071,-0.0034760012119217087,0.0060952589562106585
2023-09-27,-0.012366647894697436,0.0023433834496957573,0.0003989066016003573,-0.005176401814707243,0.024975325680733462
2023-09-28,-0.004997187509914736,0.008365317127958516,0.005797546198629044,0.0030543380512189078,-0.016043447606445493
2023-09-29,-0.01027534966921384,0.0007260986117088031,-0.002426943276471416,0.00011278637423828286,-0.008704169267242379
2023-10-02,-0.010498705650611395,0.008345719719342837,-0.00039778281309466035,-0.01674022252898477,-0.018179584585792607
2023-10-03,-0.0028882419805683623,-0.017549731964921156,-0.013385876038131683,-0.021511640564542134,0.006801875798952972
2023-10-04,-0.00011825651470720455,0.01360865485918561,0.007281686424619682,0.014107585700804393,-0.05429755974871586
2023-10-05,-0.0018327868021307259,-0.0029464546274255987,-0.0003765639557381517,-0.0049847945018866024,-0.021166801847284478
2023-10-06,0.005153083621109555,0.016755483455994646,0.011872702287896608,-0.012116793003324577,0.002297686217708206
2023-10-09,0.01838544744893622,0.00510006114394268,0.0064021982644399955,0.023469278947917838,0.04004845529458967
2023-10-10,-0.0016780958953311886,0.005538132410880747,0.005204912819663621,-0.0013825693366402714,-0.005445328457167831
2023-10-11,0.007303045938392039,0.007135171638386728,0.00409618408878476,0.020886273918870435,-0.013557566522482967
2023-10-12,-0.0030496507265770356,-0.0034749909648564836,-0.006096385807143889,-0.02712773782921507,-0.0033038192949580436
2023-10-13,0.03214825984540237,-0.012570018761071888,-0.004980802640899729,0.017892577966879264,0.04733492152608121
2023-10-16,-0.004864928190345896,0.011306485957100598,0.010521495370858114,-0.016094100005017542,-0.007595879103021175
2023-10-17,0.001854273768354009,-0.0032754710152499422,-4.611348057026454e-05,-0.011020902220417406,0.005230305718863404
2023-10-18,0.014470816805260078,-0.013117824808013157,-0.013325021423486683,-0.008797877675736032,0.013197883830660784
2023-10-19,0.012274016037125302,-0.009356957976243696,-0.0087862317046139,-0.02047358853529535,0.023046142931896885
2023-10-20,0.0027308974274993236,-0.014917929638225469,-0.012288198732384625,0.005678578547970936,-0.011998082189912718
2023-10-23,-0.0033770637265356784,0.00301757681001269,-0.0017330797828243316,0.012013763617770845,-0.022428719046354018
2023-10-24,-0.0001093308866343401,0.00972812627411801,0.007539241419762366,0.013176331273692332,-0.02484470908399883
2023-10-25,0.004208823642007475,-0.024475850496479046,-0.014352267637572358,-0.022261425476278185,0.019888194114486835
2023-10-26,0.0015784524505007003,-0.019067256227085938,-0.011974465339797513,0.015338876950965696,-0.0200101926222801
2023-10-27,0.011629799758343662,0.00480114256637143,-0.004532738343679399,-0.004249174724822002,0.019118236862686544
2023-10-30,-0.00564054701797434,0.01126529637376561,0.011955719534505693,-0.0045037567842864945,-0.02947929480093181
2023-10-31,-0.005456562573315948,0.004782332017491342,0.006280243872613278,-0.004881691546782974,-0.013543804961985484
2023-11-01,-0.003150642851826202,0.017356909351931016,0.010664845087113184,0.021682407248349245,-0.0035989956697947134
2023-11-02,0.0033240729584831374,0.018153312298728963,0.01916433984529653,0.0227965415117517,0.019130438865227806
2023-11-03,0.003638921283475316,0.011748822916675561,0.009123380342047183,0.006778488414812767,-0.017458674530411167
2023-11-06,-0.007792560392528847,0.004079265823218048,0.002300417421303269,-0.009699628020317097,0.0008016725345563191
2023-11-07,-0.0041451308444239165,0.009452660069626306,0.0028459735798713748,0.014749691796821285,-0.04151649256859735
2023-11-08,-0.00996764391222027,0.0006439039681289671,0.000732556274626317,0.01703391742132232,-0.022423405876333735
2023-11-09,0.003982968433291267,-0.0076954375255545715,-0.007798828767954014,-0.023001153479823677,0.0008547878117519669
2023-11-10,-0.010909752197912126,0.022482062910264222,0.015604861740171172,0.005599936902119351,0.021921721217471157
2023-11-13,0.005570720464602941,-0.003118500818710901,-0.0009532526504951733,-0.002272806990194387,0.015740315350428746
2023-11-14,0.008919177105678688,0.021526674224961795,0.019400844074291212,0.022667443865559855,-0.0031540830130877273
2023-11-15,-0.002635601473798599,0.0007524275867907271,0.0021170155644785194,-0.014034436712733522,-0.01857210150190647
2023-11-16,0.011286077178189302,0.0008559856076062466,0.001223162206681394,0.012426807487870395,-0.04611709356628335
2023-11-17,-0.00010890234740634774,0.000233053773241787,0.0012438226896787086,0.004686305740100316,0.03967666167756989
2023-11-20,-0.0016333808174913145,0.012174925176729356,0.0076974150600361835,0.006108274310866024,0.021908170342866518
2023-11-21,0.01079790063288577,-0.0058095144536796095,-0.0021792160422987594,-0.0004413827772894452,0.0031811302604567437
2023-11-22,-0.004262252597287075,0.00409304939043631,0.003860833391250429,0.0035340416249451945,-0.01268438142050432
2023-11-24,0.005201596914642392,-0.0014100587369469952,0.0006152604287994468,-0.011775039377024621,-0.011031991464794721
2023-11-27,0.006737817869841178,-0.0008730685110425185,-0.0018010381794719699,0.01670366712154281,-0.01214347096946422
2023-11-28,0.013331852960406732,0.0026210162512887436,0.0009902815857145697,0.0019716213108629255,0.018582090748573865
2023-11-29,0.0014794398574642376,-0.0009738950669385682,-0.0007035020301920936,0.012570792592137225,0.017681651263876663
2023-11-30,-0.004167950375202456,-0.0025140265132876927,0.003937566084369681,-0.011551035072920768,-0.032818496464250946
2023-12-01,0.017271494075951965,0.0028546355832290704,0.005915793706414485,0.018834094573564997,-0.012831501763767239
2023-12-04,-0.02161342646325959,-0.009283300364315683,-0.005249414753063175,-0.003979014229001154,-0.011120691317486497
2023-12-05,-0.0037794459254785195,0.0025108142625871466,-0.00019691816505451598,0.021485466918489182,-0.012998384311103672
2023-12-06,0.0036868953454944897,-0.0057838503874834135,-0.004029909250478192,0.01331810266537281,-0.0417283163423704
2023-12-07,0.0016503277504122948,0.013972350337284611,0.007630426110675437,-0.005737074934173303,0.005404546982330727
2023-12-08,-0.01334039111485108,0.004456626530900731,0.004299109572013071,-0.008183094314573092,0.02180921756464471
2023-12-11,-0.011042895165362276,0.008542043213600747,0.003889530902242866,-0.002115082050051287,0.004058383848113856
2023-12-12,-0.0005446421195114404,0.007964223823890393,0.004567349114591446,0.0029675542032259195,-0.03817369663564274
2023-12-13,0.022562533466176538,0.012717357583210465,0.013790130499257591,0.02346236606533192,0.016809367020306443
2023-12-14,0.005862552982469849,-0.0008668715528742377,0.003209163687273753,0.02601303771484087,0.028011660489266843
2023-12-15,-0.009166511771857233,0.004834035074962717,-0.0016463951876762861,0.0011104081106754204,-0.00014892995361925898
2023-12-18,0.004545487184575592,0.006298715817415257,0.005625020765432698,-0.007967254979824312,0.013998433218939788
2023-12-19,0.00681394057869511,0.005109503754517686,0.006080946509705587,0.005388024266678171,0.01865184815341525
2023-12-20,-0.005445982936102989,-0.01485974539396373,-0.013857262627366751,0.00677532267481773,-0.008217988607386872
2023-12-21,0.007070635455129759,0.01163545793840215,0.00948181162301398,-0.006327926341866186,0.0034888480967494306
2023-12-22,0.004434417088942322,0.0014960027798303077,0.0020096635707325117,-0.004548694521400276,-0.00492534179201809
2023-12-26,0.007620733251079592,0.006121691105517968,0.004222535317279563,0.0028432740954287272,0.02212835331259444
2023-12-27,0.004537842226414179,0.002035729304862288,0.0018081673087158023,0.017719950668849682,-0.01837346435477505
2023-12-28,-0.005815437657636813,-0.000486196535385619,0.0003777782220157899,-0.007263460170344405,-0.025246632472395447
2023-12-29,-0.001566841018672216,-0.004327667429890547,-0.002894986119617915,-0.009019807617392295,-0.007889234547324708
2024-01-02,-0.002353909884146743,-0.016922284878890692,-0.005596317344066182,-0.005764686321081847,-0.01320337378343206
2024-01-03,-0.008336809604204354,-0.010581518763140285,-0.008166746606301456,0.004170646798587585,0.03679498132671655
2024-01-04,0.0010046128932528209,-0.00514648026993636,-0.0032210082433131726,-0.01519408241828224,-0.009092282217100456
2024-01-05,0.00015845540955172766,0.0011861987928385442,0.00136953399109907,-0.00956617917204039,0.021607208688273705
2024-01-08,-0.007816271130823282,0.02066781999340983,0.0142760527784358,0.00986629753127577,-0.038099337967926306
2024-01-09,0.0003193567900841021,0.001975555564381004,-0.0015171941605777173,-0.006376316189453335,0.01490960603944691
2024-01-10,-0.00228804710551489,0.006777597053035711,0.005655465289015282,-0.004657357359448944,-0.01231639469612733
2024-01-11,0.0019733072916665595,0.0020807344342204104,-0.000440541101633829,0.005614891220506513,0.016376262128399377
2024-01-12,0.009794068475553752,0.0005131537194578151,0.0006927159818934658,-0.001964619756143704,0.005469255119616934
2024-01-16,-0.009488181898979597,-9.779052318459325e-05,-0.003671306660289475,-0.017612769889208124,-0.011320151147712454
2024-01-17,-0.01101595063528893,-0.005640610583691363,-0.0055586288622799795,-0.0015820727884647834,0.010260259351765777
2024-01-18,0.008232882099906247,0.014194088561002127,0.008892876898529689,-0.009295391122592367,0.016485061479846408
2024-01-19,0.00298872590696031,0.019830911695334352,0.012466016019892834,0.0031986219141160177,-0.0034752081125677403
2024-01-22,-0.003777957126316789,0.0013059625322029422,0.00211432182760829,0.005951687378245474,0.012641713897703744
2024-01-23,0.0038991332271092194,0.004149575688578766,0.002916543735052679,-0.007923672818553218,-0.0004304602991239692
2024-01-24,-0.008246890539639895,0.005549243584727748,0.0010931331410748424,-0.0058574055683182635,0.012632747734072192
2024-01-25,0.003969986681303217,0.0012211790238716436,0.005438906700346413,0.006534620053670226,0.023958072291919263
2024-01-26,-0.0006946931881827156,-0.005957792531631978,-0.0012703986234009479,-0.0019158637361409436,0.01204478854705715
2024-01-29,0.0070584854445867595,0.01024063907320727,0.007919372812505543,0.011516430372571884,-0.014363822767178291
2024-01-30,0.0013805262268788976,-0.00665661394102357,-0.0007735561048634043,0.009065917314487804,0.010548153707779617
2024-01-31,-0.0007423479101065222,-0.019585976040617514,-0.016317198593994164,0.00982048157194626,-0.025957965293536223
2024-02-01,0.01040067256889099,0.011775390133321073,0.013088114379607774,0.019615814516777963,-0.026085709558452574
2024-02-02,-0.009453300862028224,0.01690051656249003,0.010527489462228257,-0.0220887645817075,-0.022585747292404368
2024-02-05,-0.005513988032274764,-0.0013054119736152225,-0.003641132105589362,-0.020193583342392962,0.009924428199443724
2024-02-06,0.005224693124019186,-0.0020073086883160007,0.0029031259474381343,0.009773740879994719,0.00924020608093401
2024-02-07,-0.0002651978305409086,0.010290355542018625,0.008340496313372414,-0.004839525072077411,0.008864999738332102
2024-02-08,-0.0009018470501077624,0.0018518257336479493,0.0004416242430944628,-0.005814791680992304,0.030250627045687706
2024-02-09,-0.003876152075832917,0.009843070129471831,0.005779462124994028,-0.002020150215094163,0.0020973368696801664
2024-02-12,-0.0026119694947860372,-0.003912551328795533,-0.00043889273328623357,0.0011721281232397462,0.006139283558638464
2024-02-13,-0.013788690196348319,-0.015597087102059315,-0.013773238755612871,-0.017135057870402814,0.007488571778625497
2024-02-14,-0.0005961123453055439,0.010897184281837502,0.009087604391803339,0.0050893292164606585,-0.015141066084207289
2024-02-15,0.0067238125229136525,0.002977810981962925,0.006899857636798679,0.005171415074075814,0.01802925550121448
2024-02-16,0.0036625695484677756,-0.00906762940860395,-0.004979973893040612,-0.0057877965091018835,0.007825471621039082
2024-02-20,0.006064210073093879,-0.007548167016869778,-0.005505381676903065,0.000862215824182222,-0.013485975259187377
2024-02-21,5.331256612173263e-05,-0.00400178391032735,0.0009058194580879864,-0.007108821816935285,0.010770488801687739
2024-02-22,0.00042672195902415666,0.02927578049733648,0.02069555293154335,0.004881873618086674,0.0054645019474759415
2024-02-23,0.005651511902278639,-0.0029447716412934755,0.0006895960021768843,0.013386354407010082,-0.022826091576163443
2024-02-26,-0.0022266895335479875,-0.000526527654208131,-0.00366251727057898,-0.0029828401885136913,0.012096812690933767
2024-02-27,-0.0010626830578386315,0.002405124262864433,0.0018577482984671878,-0.007052125649557595,0.014562406172021758
2024-02-28,0.00180849115899262,-0.005324530780053904,-0.0013215788271536688,0.006348752676875291,-0.0031143633350196875
2024-02-29,0.005150266749304189,0.008569414710502876,0.0035949057285806774,0.007057496409691888,-0.0035316778936488324
2024-03-01,0.018910791174389097,0.015056893535134508,0.009388330704717784,0.0062312196972647005,0.021810229836548345
2024-03-04,0.016174996770490724,-0.0035681715021008698,-0.0010725827808073518,-0.004022661666063798,-0.012673385270077664
2024-03-05,0.006020141664404566,-0.017949531821451425,-0.009994070128599652,0.014241753006083435,-0.0075666149415517525
2024-03-06,0.008215401882095241,0.006283729520251358,0.005067191566396234,0.005868316395734929,0.012117078647063684
2024-03-07,0.005683843351386164,0.015178070365991614,0.009926514485438576,-0.0009377349793754375,-0.0014795935751340528
2024-03-08,0.008452547868211147,-0.014434930717442618,-0.0060022091803608735,-0.0017725474398287977,-0.011720365179004988
2024-03-11,0.00183502012710135,-0.003712678866662933,-0.0008598627660008074,-0.0005223984526112613,0.003544194848245086
2024-03-12,-0.01094062729637224,0.01433493897339777,0.010757411600059497,-0.00836141689978831,-0.003667539559735644
2024-03-13,0.00700740378557585,-0.007686001629816919,-0.0015675903493668208,-0.004847999197784225,0.023721852760275386
2024-03-14,-0.004175139558116325,-0.002521265848270393,-0.001976639329279384,-0.015356875222833799,0.016114086734301925
2024-03-15,-0.00319440663913817,-0.011886874188456464,-0.006866645595945631,-0.0003228534049789511,0.00039316878239858966
2024-03-18,0.0016022835845583838,0.009537398537915243,0.005943155234570563,-0.0030125411586603423,0.021616683955162808
2024-03-19,-0.0011498061737871268,0.0024915890952963426,0.005557088734734483,0.0028059623502629805,0.005770671055019605
2024-03-20,0.011911859798154678,0.01185667450552641,0.00924934214124673,-0.00032248055688199884,-0.01504526712462484
2024-03-21,-0.0010386361790747367,0.004732072305791979,0.003304791921188821,0.002152659782796773,-0.005566346992566751
2024-03-22,-0.00802096899240623,0.0011438317115426422,-0.0018960531701514016,0.009560727907979683,-0.001822434134399864
2024-03-25,0.0031944066391380588,-0.0036291355462648722,-0.0027628339158413118,-0.005000885825911738,0.014084530865368095
2024-03-26,0.003233961285236564,-0.0032376944243418526,-0.001846851515827419,0.002779912574419896,-0.006044254215421874
2024-03-27,0.007240660177973313,0.003406016429446712,0.008403744104379163,0.00991801636061962,0.0028464383244550806
2024-03-28,0.012900024807739996,-0.0018432833509859359,-0.00019109891219792896,-0.0008447677760109462,0.015739919843620553
2024-04-01,0.010208079384865787,0.0021170088966129263,-0.0017396919879379968,-0.018641039970607176,0.011939473795652189
2024-04-02,0.014772360490971526,-0.008630142197254664,-0.006358135831139422,-0.005510642109087027,0.014058024003050562
2024-04-03,0.008772374739768773,0.0022443596747949712,0.0010985957521607581,-0.0002170602380660025,0.005693762585219142
2024-04-04,-0.005734705223284009,-0.015290598500785846,-0.012206210394439587,0.007172336121072487,0.01255380483774049
2024-04-05,0.017114197447370305,0.011783876116300718,0.010447102206727843,-0.013918996110702686,0.0015802222938763322
2024-04-08,0.00622848536623688,0.00029500326733478133,0.0005592536191889597,-0.00010920970118177831,-0.0024272399749155626
2024-04-09,0.005497054993034878,0.003699527222656984,0.0011567922331425784,0.009301749724961006,-0.012773667412961376
2024-04-10,-0.009463856185613961,-0.00872848139104776,-0.01001316408296471,-0.021793393064742372,0.011583423220416833
2024-04-11,0.019433247203493043,0.015968302951052893,0.007546679599965023,-0.0045444543807270366,-0.006578064444175968
2024-04-12,-0.013239324939518515,-0.015941880937227815,-0.013802909190574919,0.0053446206591278855,-0.0002453006954302728
2024-04-15,0.01871915519396472,-0.016451029128386696,-0.012528166703078103,-0.01550543403609983,0.0014718845624772658
2024-04-16,0.0012220152803359419,9.28619870961267e-05,-0.0018237255045222556,-0.006637591256913988,-0.003919163366124301
2024-04-17,-0.007368252752093185,-0.012201333319863839,-0.005918361884868162,0.011098480936148514,-0.029755294657097475
2024-04-18,0.0034154561341945833,-0.005706383555577066,-0.0020577059283769517,-0.005040031562211333,-0.0016475082597787738
2024-04-19,0.003131535140574959,-0.020689183278481793,-0.00872839797419045,0.003601977027127168,0.0008885465334966813
2024-04-22,-0.02470249054532203,0.010056761697556205,0.009209198134285668,-0.0016825236245565645,-0.0008877577194524866
2024-04-23,-0.002458663172418052,0.014922740263227485,0.01186670029957293,0.000337185610203683,0.015232350802626193
2024-04-24,-0.0018600907225296837,0.0033876703390285368,-0.0004747143485898109,-0.007076047204477631,-0.004251112190728379
2024-04-25,0.005963468053189924,-0.0048298624030533865,-0.0037988363571601624,-0.007013761823375764,0.010045241811764694
2024-04-26,0.003241927353549112,0.015431677650726172,0.009473891460768158,0.005240433882244266,-0.0006216192222797678
2024-04-29,-0.002031218037689575,0.0040603394578226926,0.0035413654559535157,0.008386456609738913,-0.011071021226590982
2024-04-30,-0.019937078844561418,-0.018856161458737364,-0.015841105249633447,-0.008541612937482013,-0.014088084862667105
2024-05-01,0.00906215232545482,-0.007230598079439932,-0.003247212585474224,0.007371110053196794,-0.03125793613287409
2024-05-02,-0.0030870874411647042,0.012763529724000078,0.009353450252192363,0.004290795523059332,0.0
2024-05-03,-0.0007976266365629092,0.020098382882912214,0.012395270486213139,0.01011909640209585,-0.010536060167818495
2024-05-06,0.010518361024399514,0.010953451589795327,0.010326980068308789,0.0038961410853384226,0.007054524531708184
2024-05-07,-0.004600326433150892,0.00015904602133787193,0.0011033626167931132,0.006097826986708688,-0.0021147720640344314
2024-05-08,-0.002941061869504713,-0.0005906985288933742,9.660296931102152e-05,-0.006060868857029389,0.0080794782828022
2024-05-09,0.015778607960932778,0.0021815631592785323,0.005761804451573038,0.004878354806931551,0.005386887786453132
2024-05-10,0.008112513438038427,0.0023582038207496936,0.0012881085271954085,-0.005627219113305548,-0.015943461119050317
2024-05-13,-0.011202103844459854,0.0023074500207374005,0.00013454817417346554,0.002552320756350479,0.011022498911316791
2024-05-14,0.008462045119477013,0.0064321141866001685,0.004587980893119736,0.0056447499833203185,-0.012084568529312611
2024-05-15,0.012838750510223873,0.015630333284571973,0.012383186875545515,0.013647090828085018,0.008908365604323398
2024-05-16,-0.0038933433506626036,-0.0020313303345079747,-0.0020577575341174104,-0.0009772909032437216,0.0048761565626620484
2024-05-17,0.0164977725898805,-0.0004866911296953491,0.0014376621237919274,-0.00673835421511948,0.00944263896004105
2024-05-20,0.004023937591649318,0.006972671108364414,0.0011520539555727183,-0.0029541903174533646,-0.0031180701567271596
2024-05-21,-0.001469548604570936,0.001956427776752534,0.002452584934648172,0.005157770993343913,-0.007428641598941299
2024-05-22,-0.01837396956557802,-0.00019746308053658623,-0.0028795143258492084,0.0012012913399992442,-0.016938036416733193
2024-05-23,-0.019944570339717638,-0.0044984250327447795,-0.007303926289236817,-0.006433916981604004,-0.005609800760412287
2024-05-24,0.0009271136061119734,0.009456420739133442,0.006616393611422522,0.002963360502854062,0.012088671091613268
2024-05-28,0.010513172896031486,0.003777619161087875,0.0006986330659797257,-0.014335823411890658,0.03065700377925884
2024-05-29,-0.009303812074716977,-0.007048400607707839,-0.007002393996021206,-0.012101480801884223,-0.0140355899547423
2024-05-30,0.0018967600627461945,-0.010713152990724173,-0.00663375672329336,0.009664700430002116,-0.013582354965030019
2024-05-31,-0.00586417430627717,-0.0018603119608475716,0.0091083935595071,0.006790125882957909,-0.009400226346452323
2024-06-03,0.008917780500373507,0.005369304036061617,0.0008152402260612757,0.016174255243543323,-0.03996254846251179
2024-06-04,-0.008977059834655465,0.0027364663485052176,0.001117889678908135,0.011681287255792983,-0.010302178397608386
2024-06-05,0.011845603201319,0.020159757828400737,0.01188482258593182,0.0073380002629239716,0.011253384343352657
2024-06-06,0.007391356612921562,-0.000345161695927354,-1.8405780399799454e-05,-0.0014999020768855509,0.019056930841750752
2024-06-07,-0.03568330143379639,-0.000884865559426018,-0.0012157417572239426,-0.0183455115080583,-0.003276078162238627
2024-06-10,0.009168181127878317,0.004039227689845104,0.003089770854808771,-0.006666761289105594,0.03341553757299365
2024-06-11,0.0028566106093961263,0.006862797474050275,0.002408221654687015,0.01034219873356701,0.0006626431535181609
2024-06-12,0.0026617200115086614,0.013097817371408471,0.008212875913243822,0.007513791083560317,0.006224357136888736
2024-06-13,-0.008150148984962247,0.005420192779777233,0.0020137416563510424,0.014699704256284196,-0.003158798138459984
2024-06-14,0.012959545903254766,0.005181182993482247,0.0006081544931964,0.008414899171326207,0.00448909396454833
2024-06-17,-0.005191652247571676,0.012249786086864,0.00795906003639546,-0.00992907650773489,0.022476328119312106
2024-06-18,0.004007271832187298,0.0003092102632336058,0.0025406055795478277,0.009175231264707095,0.011312472593663525
2024-06-20,0.012484347826456466,-0.007707942643185195,-0.0027163301738238887,-0.006660413597228354,0.009406451129881699
2024-06-21,-0.015493238109986152,-0.002679318383353446,-0.001340722202359701,0.0,-0.009570609509908734
2024-06-24,0.003957566385821121,-0.01138472920672251,-0.0032506247891551654,0.0040438918631444665,0.013350227615924304
2024-06-25,-0.004962237629221655,0.01143574034189987,0.003850638643770221,0.0016964271916470874,-0.010037584102830066
2024-06-26,-0.009228168111804491,0.002065126325031086,0.0012483859056016122,-0.014285844747158105,-0.0019011599870464302
2024-06-27,0.011336925587312363,0.0025812396536804005,0.0015764614739341987,0.003972378017331524,0.014857119605654834
2024-06-28,9.297647872519299e-05,-0.005190807708837397,-0.0039351790968482625,-0.01860597212696824,-0.00412915213482723
2024-07-01,0.002604589701363791,0.005865012415891879,0.002058023732368186,-0.017258518363729936,0.02450062404021458
2024-07-02,-4.643394389247657e-05,0.010499715184523417,0.006729662300142714,0.0077853510105609924,-0.005273489089376526
2024-07-03,0.011273000380832565,0.008337012470057248,0.004462748330993138,0.013133009548547792,0.001972580834803006
2024-07-05,0.013486798057397165,0.010426853454198692,0.005766370396420806,0.00827904240528854,0.0004921978242846681
2024-07-08,-0.012402074526820739,0.0023782687210582854,0.001153984236467176,0.0021607537246066677,-0.010945755950946712
2024-07-09,0.0016957473442755777,0.0008645994159117709,0.0009723971750748017,-0.004420057643530373,-0.008082585683642951
2024-07-10,0.0036603361122538036,0.010426571172056587,0.009895281643110376,0.003140154290003805,0.00890067373381176
2024-07-11,0.017733403441032136,-0.021930176838108495,-0.008622454289494041,0.009715086458751854,0.0057156941511611326
2024-07-12,-0.0006270969301161999,0.0058748393488423645,0.006307625614984769,0.004276321458154708,-0.008524863115809245
2024-07-15,0.0032271131671974818,0.0026877755011955884,0.0027498410077320123,-0.011496627864465925,-0.0016199034693827885
2024-07-16,0.019925798233449088,0.0003829919502700285,0.005930226787752568,0.014107095380136547,-0.01323021906702948
2024-07-17,-0.004643206403117217,-0.02935489196113661,-0.014021015983044616,0.00021250537360995025,0.01973191545866304
2024-07-18,-0.006381186355259194,-0.004732570951759052,-0.007684977726880926,-0.007644311789813396,-0.00893080124254464
2024-07-19,-0.017937829186174925,-0.008863606867177798,-0.00664064103061246,-0.0058839997187074555,-0.02377974329904753
2024-07-22,0.00031573231212611574,0.014897693816051216,0.010310082054099778,-0.002905886629344101,-0.004871759659204722
2024-07-23,0.003516676143213937,-0.0035245378831239016,-0.0015686194110259288,-0.0014031347102172465,-0.012883277049922981
2024-07-24,-0.0035043524704835294,-0.035870314380553325,-0.022662531867334357,-0.010808350005335199,0.0024797024954452684
2024-07-25,-0.01564473026582147,-0.011027622028331519,-0.0052104238954299165,0.008194766705680312,0.008462459921093624
2024-07-26,0.010534525866662925,0.010255880207335588,0.01119966931668226,0.007803198563732128,-0.01742833062325333
2024-07-29,-0.0014050562105476505,0.0020087719082060307,0.0005879167331797053,0.005376815867678353,-0.012087743549698327
2024-07-30,0.009985461488319247,-0.013731485043418923,-0.005066555093496405,0.0038506856289459712,-0.0097087821948465
2024-07-31,0.018110725786084414,0.029593824628907806,0.016254730530514516,0.010229165268716978,0.04405048105863951
2024-08-01,-0.003442943141866439,-0.024221482054645804,-0.01416098168589408,0.008624924195948402,-0.01865187790181244
2024-08-02,-0.0019046282784819235,-0.023735029082941228,-0.018618369282101255,0.03116115638851258,-0.038012865265134255
2024-08-05,-0.012691935106198704,-0.029816121149307873,-0.02912386527007116,0.005291316755325459,-0.0023163669486184757
2024-08-06,-0.008000713832612472,0.009555081681428046,0.009219668190728836,-0.022368572378240636,-0.010516310565742204
2024-08-07,-0.0006796279952806517,-0.010829758307033699,-0.0066840439764359605,-0.007039889576307856,0.030917951518539155
2024-08-08,0.015688013635013043,0.030591009019635518,0.023117299501307587,-0.006151478164400648,0.0089703862236572
2024-08-09,0.0024552612171107047,0.005222306599500737,0.004409692610797711,0.009861191576513884,0.011411897603321286
2024-08-12,0.017144665770273848,0.002153656430180284,0.000525405070076923,0.0036360447692012077,0.03161894508157315
2024-08-13,-0.001532358906807807,0.02481268079649035,0.016445728510096513,0.006935293058330849,-0.012590587541022713
2024-08-14,-0.008155751250824572,0.0003243224144786616,0.003154433774180898,0.006270473402001819,-0.013523996136169614
2024-08-15,0.0031388449312386157,0.025263089147418594,0.01714039684358104,-0.008070426941606312,0.010706454673285792
2024-08-16,0.02238773852658915,0.0012857786549693717,0.0022421066199815876,0.003501799851567622,-0.014080918689049149
2024-08-19,-0.0016380226467286318,0.013136064612889298,0.009561430105987645,0.004618117077388018,-0.02541931930245822
2024-08-20,0.0036699887797402297,-0.002098537386528654,-0.0016260603752510372,0.007968041435856277,-0.007394399605708646
2024-08-21,-0.0013336178629832496,0.0046640412800111886,0.00343634733544973,0.0006081070079355655,-0.016659939407128954
2024-08-22,-0.011975011209935604,-0.015854758293723736,-0.007848514301196041,-0.009925900381817288,0.013498669111996264
2024-08-23,0.011553425520716143,0.010845348272895183,0.010625611776115873,0.006547324030500734,0.026773595700994912
2024-08-26,0.0031893380775307456,-0.00970826319914686,-0.0023840298785666736,-0.002541130397342828,0.03017867223294335
2024-08-27,0.002706671669018279,0.002987358416253638,0.0013732936609005542,-0.0017322181722935204,-0.017217062003851646
2024-08-28,-0.007026862307456638,-0.011347425524737997,-0.005805518307648971,-0.0012248189876427062,-0.013204268989976509
2024-08-29,0.005177980359189593,-0.0014639284522633966,8.964094270047518e-05,-0.0032702744296289055,0.01709053032274821
2024-08-30,-0.0071260085162319076,0.011919457096349229,0.009545960644327556,-0.010663498412031847,-0.03165299480829464
2024-09-03,-0.0043235765879541255,-0.030360948548167288,-0.020579029118164005,0.016355464713430523,-0.04371805434625098
2024-09-04,0.000607926500195255,-0.0025985712565765873,-0.00204671790647859,0.012890044245440269,-0.020818621518907454
2024-09-05,0.008332306942507639,0.0009336783109326063,-0.00243218058308603,0.005655955874644292,0.004022393001606117
2024-09-06,-0.007402630408956501,-0.026787343464141244,-0.016830090287505373,-0.00010049814078438857,-0.013735857674293306
2024-09-09,0.004205876079289794,0.012859583884132109,0.01119602096035166,0.004319104166541576,0.004932487108448402
2024-09-10,0.004404097525005923,0.009241924681706593,0.00435591585377737,0.0070005902492613625,-0.03334773596852725
2024-09-11,-0.001590555949419148,0.02171529153743701,0.010258962261036064,-0.0007944654247262761,0.013291508390340212
2024-09-12,0.017567284525531468,0.009816094238294992,0.00842300900732984,-0.004671700604747198,0.030066336940382188
2024-09-13,0.009943683944142245,0.0044799990407635715,0.005222783831508426,0.002696182490623089,-0.0007154536012947688
2024-09-16,-8.374817448153493e-05,-0.0044179792422445185,0.0014770382037720964,0.009162533830639807,0.014891193729388963
2024-09-17,-0.0055309113549146804,0.0005282745479382456,0.0004085115150294083,-0.004835602295907959,0.011851072232436533
2024-09-18,-0.007710465405288858,-0.004329603171594809,-0.002965714357998861,-0.012395993115275394,-0.014779664536421766
2024-09-19,0.01554075728197235,0.02528431791696084,0.017064156245996998,-0.0033134404709634913,0.029578208740050904
2024-09-20,0.012710660066880486,-0.0019032358454489362,-0.0017284936532352413,-0.003828181555246779,0.002336744590313522
2024-09-23,0.0019404068737312041,0.0026505756710046846,0.0024989046670664816,-0.0021240130958430914,-0.009188126519051987
2024-09-24,0.01396907347432852,0.004823539064437998,0.00286115915488927,-0.0002027455668432987,0.014394476339478768
2024-09-25,-0.001381767735031958,0.0009271868975688768,-0.0022054652318131973,-0.008312067085972208,-0.024696377895804922
2024-09-26,0.005086884066794806,0.007513056477421953,0.003964690943036642,0.0023508725148246867,-0.03455513576810054
2024-09-27,-0.007935830791900744,-0.0055570385705461245,-0.0014502902539623719,0.005200946266591178,0.018258143281152606
2024-09-30,-0.007999374253898295,0.002711927629124533,0.004007415779251344,-0.004767965521014883,-0.004980766911074408
2024-10-01,0.010491249392624136,-0.013932445746146493,-0.00895860358689371,0.0072197903452728696,0.03132154603486437
2024-10-02,0.00020358719772617384,0.0014129301472340927,0.0004220737216988901,-0.008427231895957954,0.009014027463280838
2024-10-03,-0.0006920058878576718,-0.0007470002582009583,-0.0018281779867485026,-0.009420512068744946,0.04081914696954403
2024-10-04,-0.001996030315693287,0.011898146839683044,0.009087205270267518,-0.012300773927967579,0.00818691522124082
2024-10-07,-0.0033877625757333663,-0.010711609114197884,-0.009040159013220528,-0.007535394654782812,0.037328075063250976
2024-10-08,-0.007371925565205384,0.014934525436446577,0.009457440639503378,0.0016872655927508973,-0.04305550712259876
2024-10-09,-0.005446185963701722,0.007868451652548458,0.0069263742769880565,-0.005684951156854856,-0.007124962514899691
2024-10-10,0.007342892553628744,-0.0011355476043286572,-0.0017499289570287457,-0.003917357899015594,0.0334883274826101
2024-10-11,0.010913408354139564,0.0015630670322137608,0.005988125594301508,-0.004039135642906144,-0.003600344495087948
2024-10-14,-0.001629502157067031,0.00839148678637791,0.008178455361924408,0.0007469155090447099,-0.0201315989366303
2024-10-15,0.003468359323146597,-0.013366792198276745,-0.0077698155240459865,0.012157733273050697,-0.04174895504022835
2024-10-16,0.005001609209081437,0.0001222112634995387,0.0043464144766458546,0.004214259465962655,-0.004947781745216595
2024-10-17,0.00598831083503093,0.0006926549655525971,8.589743781750592e-05,-0.015842954188174052,0.0030386908296471393
2024-10-18,0.010618185005034864,0.0065547931650769,0.003846548369420555,0.0007463837421133324,-0.017075260895971556
2024-10-21,-0.00019900127714245208,0.001921198178981287,-0.001642173469649788,-0.0174712083438181,0.012328452180913496
2024-10-22,0.01078732362833379,0.0010899417305403336,-0.0005310729434451211,0.0009761897054223478,0.023802950039503612
2024-10-23,-0.012050555849465017,-0.015323909129218882,-0.009137578372479305,-0.002708107668892512,-0.005812385586158264
2024-10-24,0.007693259346016168,0.008108835304873718,0.0021628025973028375,0.006408269792308463,-0.006662209012000209
2024-10-25,0.0020569789010425055,0.006093631419897161,-0.00034518975919839434,-0.005612166751937542,0.016014314774668748
2024-10-28,3.945407605776552e-05,0.00016145710028259153,0.003091214382752616,-0.002713129586810137,-0.05119227913119673
2024-10-29,0.010894858433216914,0.009608347917760218,0.0016183796278272933,0.001523615591642269,-0.010932793408064523
2024-10-30,0.005505891218995584,-0.007557472513440189,-0.0030253162524023214,0.0029337644156168796,0.02440420411816424
2024-10-31,-0.015495166963743978,-0.025242769642891516,-0.01960308836489222,0.0016250018929233612,0.02410315591356116
2024-11-01,-0.0041023758773532926,0.007398854540491495,0.004220588805548209,-0.01409825371381701,-0.014504723062798819
2024-11-04,0.0014259144001700363,-0.002913153763294818,-0.002154001685066964,0.015521848767708901,0.0315190832861485
2024-11-05,0.002254447895034817,0.012756900248434455,0.012091814888343544,0.005311667538899112,0.005922768017011526
2024-11-06,-0.030386729020158154,0.027163234415101156,0.024865595825653397,-0.027388502479994026,-0.0025425188394377907
2024-11-07,0.016076503855530166,0.015744175047486042,0.007732061978746874,0.012527956518965766,0.0016099107205274077
2024-11-08,-0.006769426092267161,0.0011685353317782976,0.004331712096133478,0.012700837492637618,-0.020492985985050227
2024-11-11,-0.02347155656813127,-0.0005834958830358561,0.0009528858299909793,-0.00486520318735828,-0.02994660049586373
2024-11-12,-0.008631355179477884,-0.0018100611062678018,-0.003106440394440191,-0.01499340146328465,-0.003524104756078783
2024-11-13,-0.010081225320474285,-0.001286625447422085,0.00048597745803413694,-0.009486035342014199,0.0005658638300445329
2024-11-14,-0.0026091417886487944,-0.006949754679178466,-0.006430102156933848,0.005790702712229034,0.007917397596713949
2024-11-15,-0.0017720694429753658,-0.023825865803237423,-0.012808639480448747,-0.0026572798077215687,-0.02160192026581842
2024-11-18,0.019020246289590537,0.00694756582178635,0.0040973033512390344,0.0017760263257080577,0.033261644370239596
2024-11-19,0.008959325127211537,0.0068796762435741066,0.0036555804977529416,0.005097582715260396,0.0033300661133035536
2024-11-20,0.005632045702723465,-0.0005758726780067391,0.00033861666072065866,-0.003197151463460224,-0.004010523099414409
2024-11-21,0.008339500390982302,0.003597131768452,0.005368458783025609,-0.0007743177766239562,0.01638434268504496
2024-11-22,0.012892210445830665,0.0016040529657019853,0.00309939412825333,0.0005533823752685851,0.014344304583786327
2024-11-25,-0.029458856541118794,0.001581636023407329,0.003392000468597889,0.02588780147104619,-0.028956249506786658
2024-11-26,0.0019383092584315254,0.005369179981718819,0.00522148547086676,-0.0038821951033709556,-0.006796087019965813
2024-11-27,0.002222714763140843,-0.007873356845336521,-0.003029984694522536,0.006928697258745675,0.0015361068204720052
2024-11-29,0.008624546377060671,0.008786903556690095,0.006212049739253267,0.010321531123715477,-0.0015337508153835389
2024-12-02,-0.008754403389975018,0.010887731464350736,0.0017924307507057868,0.002402665132900106,-0.007959777823850822
2024-12-03,0.002012776164397767,0.0030663480995334336,0.00046384223378992395,-0.008629072229036083,0.028153152790329594
2024-12-04,0.003033679807253664,0.012362902356152006,0.006209303692824131,0.010745572572004702,-0.015881758592130257
2024-12-05,-0.007397709454119217,-0.0027710563441453173,-0.0016454323006397376,0.0020202126056969583,-0.005703896054271906
2024-12-06,0.0003705687954560499,0.008949783977447057,0.0018956944029322464,0.0014854572653013598,-0.017210064865331054
2024-12-09,0.009919751769426055,-0.00778772722880583,-0.005149877504406208,-0.009216990898578303,0.013240323654045705
2024-12-10,0.01316431251835759,-0.0034075515076488205,-0.0031089913624822163,-0.004704946139846622,0.0032317460004369636
2024-12-11,0.009533812345188464,0.01790248683047424,0.007730637008498853,-0.009454198103441835,0.027030816021428983
2024-12-12,-0.014663722649505995,-0.0064539598508863705,-0.005152742711910907,-0.012147614150100905,-0.001636475434140916
2024-12-13,-0.012091578404740733,0.00765443034006319,-0.00019841206444304316,-0.010210682815062544,0.013659336327079608
2024-12-16,0.002415209844427002,0.014400843084907855,0.00426995333865432,0.0029949578027950174,-0.006872418036954042
2024-12-17,-0.0038386247250202787,-0.004403917589223094,-0.004119991479773488,0.002433035649395787,-0.00542732582153671
2024-12-18,-0.01918507783771317,-0.03607686610732597,-0.02980356423151731,-0.01250422541082774,-0.004911331451069145
2024-12-19,0.0014210967336203417,-0.00445342603935639,-0.0003069402929415377,-0.01514125743487349,-0.004524291472567277
2024-12-20,0.010434056495473909,0.008732344243009171,0.012010906155728973,0.005693909322928459,0.006748352288261428
2024-12-23,-0.004708795377563968,0.009742740680320994,0.005988208830145503,-0.009172049922117731,-0.0005472081581712196
2024-12-24,0.001992014086009908,0.013559997337533769,0.011115098833935466,0.00422851802403712,0.0080756089104983
2024-12-26,0.006751179863859091,-0.0006792207641523884,6.669503786849162e-05,-0.0005691511685803619,-0.007060478773761036
2024-12-27,-0.0068705038771271765,-0.013293050868435352,-0.010526583116915789,-0.00819850611501105,0.009845497712902995
2024-12-30,-0.0031896811646235923,-0.013299985703115524,-0.011411585176906436,0.008036585360125414,0.013134749366894516
2024-12-31,0.006233636577161361,-0.00849471940688773,-0.00363813553785719,-0.005352908163674175,0.009756794438801508
2025-01-02,0.013587714119632333,-0.0019561958389703316,-0.002457018332623462,0.0027480126122432225,0.018266011881860056
2025-01-03,-0.007864039973028869,0.01636535904800196,0.012503510745669022,-0.0031973999949356235,0.012868813984691085
2025-01-06,-0.0012320959587239777,0.011492798651683733,0.00576050990496646,-0.00446788378683971,-0.007956816372649667
2025-01-07,0.005633435188264313,-0.01784426687360907,-0.011304045433904064,-0.011277134598796201,0.01125478761760168
2025-01-08,0.005315681488123669,0.00017467674209914463,0.0014610115160782478,0.0012801313463139952,-0.01112952715320803
2025-01-10,0.009558310004399662,-0.015680988453538935,-0.015267427998534089,-0.006625592892170573,0.04320823034967103
2025-01-13,-0.009951255605703757,-0.0032138985609743154,0.001550584739097749,-0.0003511974896082126,0.019717311251483682
2025-01-14,0.005249423200524461,-0.000949417432792754,0.001375736572713837,-0.0016385076793493658,-0.006810229419029423
2025-01-15,0.007488993695735191,0.023006233931550213,0.018190137415575514,0.017235492408445463,0.032692521474312564
2025-01-16,0.006910965874952435,-0.007005906067711343,-0.00192320642202648,0.003227344339816085,-0.016599406654887572
2025-01-17,-0.005307269747253374,0.01687846693660333,0.010039796341615892,0.0017229830883869202,-0.005063971376617182
2025-01-21,0.01548521901629396,0.005864924993096654,0.009153585280629262,0.008946109840063832,-0.017086719462843236
2025-01-22,0.005135652699768123,0.012785796662902804,0.005621538331987974,-0.005229085240284204,-0.008383680188124631
2025-01-23,-0.0014148699521492336,0.0021261219029773404,0.00545805853915704,-0.007770690845889439,-0.015168484596221221
2025-01-24,0.006218705580030903,-0.005651280233795131,-0.002919264959769352,0.00449174194209867,0.004923613106377234
2025-01-27,-0.0104048052682425,-0.029114342742158295,-0.014145458332822769,0.011809244475349034,-0.020979876896458083
2025-01-28,0.008656417783572623,0.014779743596473827,0.008592419782555538,-0.0006800034120705289,0.01193379060097377
2025-01-29,-0.0038404097330004827,-0.0018779996646303143,-0.004482967158625062,-0.0020410272644797445,-0.013695179085668419
2025-01-30,0.01514551884715587,0.004262463076519785,0.0053671859760371365,0.003749567214595073,-0.0003856875773680102
2025-01-31,0.0019763991077348386,-0.0014531541474319676,-0.00532180847707342,-0.006565527732901089,0.0034726256342945128
2025-02-03,0.005337271410283728,-0.008003213576513124,-0.006729758322866708,0.008142108116701019,-0.002563406265667423
2025-02-04,0.00984841707528572,0.012275361548277353,0.006708369785656254,0.003062514924604187,-0.0039835204293167115
2025-02-05,0.006209542410714253,0.0045379425742630985,0.004054526223509436,0.01651017592438575,-0.01832029104894184
2025-02-06,-0.0026502562908058414,0.005219813630104708,0.0034757319339304704,-0.00044481282396091615,-0.008411084511115163
2025-02-07,0.0017841598670260694,-0.012613600661151914,-0.009153716853202765,-0.006455469249519785,0.005434111049608559
2025-02-10,0.016938239196991,0.01210518511602543,0.006791328320455037,-0.0030244357861792803,0.020300565556773842
2025-02-11,-0.0036516022155236305,-0.0023804622016666555,0.0007604384781254581,-0.00640444204016144,0.011240246770494178
2025-02-12,0.0010471549570203464,0.0005868403127036181,-0.003221485072722685,-0.01357014275392976,-0.024913722139720207
2025-02-13,0.009862831092105617,0.014385973815199904,0.01055750138825129,0.016622802741700138,0.0009171867807142853
2025-02-14,-0.014871773334245608,0.004198362833554237,-4.907515727980982e-05,0.005299795209065206,-0.007461705712507927
2025-02-18,0.01656090548123368,0.0022670526555856885,0.0029358973680169154,-0.011777831574813491,0.015035602667329728
2025-02-19,0.000554096378723612,0.0002781662414941266,0.0023547155529195507,0.0012488291648160565,0.006366916185013283
2025-02-20,0.0005168326664386491,-0.004244502587309351,-0.004160245253420958,0.003740890291589194,0.004002649453884954
2025-02-21,-0.0009225433005247696,-0.02075465629750306,-0.01710400613660845,0.012084955485567317,-0.03099284459749896
2025-02-24,0.005429568123388684,-0.011804199799453019,-0.004550509873166075,0.0029015912894392315,0.008228304699899436
2025-02-25,-0.013188334192659745,-0.012599343766067417,-0.004973182941032439,0.017246952595035614,-0.024220138708958228
2025-02-26,0.0015263333689308212,0.0024155840780002436,0.0005049020314549235,0.005906793070670879,-0.0037771319259554126
2025-02-27,-0.015239958822878874,-0.027771218594090707,-0.015962013940292508,-0.0070683402336289,0.019363579346272974
2025-02-28,-0.006265820058134697,0.015791459371779393,0.015605596661077747,0.012266160384362124,-0.0007969920239989658
2025-03-03,0.013180390342641513,-0.0218824743274727,-0.01751997766630431,0.004666740940745706,-0.025259259439575188
2025-03-04,0.008697635934455272,-0.0030178191056544623,-0.011836974335409756,-0.012315160859385887,-0.00013641757054150272
2025-03-05,0.0020813110966888537,0.01303602192405795,0.010748056002286566,-0.00798424113572771,-0.025780922828947506
2025-03-06,-0.005081207410422395,-0.027509353238894807,-0.017751367776947857,-0.003307579141515138,-0.0040605001814945085
2025-03-07,0.0005219558189655249,0.007353556116459936,0.0056051032465676,-0.0032080568881874827,0.013496402664721296
2025-03-10,-0.008755937163287819,-0.03875633537819223,-0.02663561657302338,0.010431665967325587,-0.016645817855472256
2025-03-11,0.011727541035094546,-0.0023904220267162435,-0.008312890256780947,-0.0071388145984567775,0.00789952833143226
2025-03-12,0.004346793335703092,0.011280777454300006,0.005306376283698455,-0.005973399947798663,0.01889441793109614
2025-03-13,0.017756144523255468,-0.017990386810303072,-0.013330437810785023,0.008791528048762487,-0.016208794721297548
2025-03-14,0.00039975774946587883,0.02417036572455955,0.020655793553070456,-0.005295044798879989,0.009215247241055824
2025-03-17,0.0054135329342379634,0.0064837982920580295,0.00771144794455525,0.0049905295766283775,0.005949091206943313
2025-03-18,0.011671955843306048,-0.017047471088211696,-0.010808487898628982,0.000992970190803577,-0.006876633286972189
2025-03-19,0.004107707999658539,0.013381434972633555,0.010890956650734918,0.005181332758207091,0.0029081718201795503
2025-03-20,-0.0012805854303336028,-0.0033896036002503127,-0.0028919175507399197,0.000658033432056282,0.018088997805995932
2025-03-21,-0.008049901213267985,0.003296759199296284,0.00033000177186570667,-0.005918406379243568,0.0008137468582944951
2025-03-24,-0.004452548665506595,0.021944368604828846,0.01790837800678835,-0.010253495338697127,0.014771599462892304
2025-03-25,0.004400365088198743,0.005706524221397613,0.002403929606058286,-0.0001115457249648566,-0.0008012494764215727
2025-03-26,-0.0008259812019960622,-0.01840067223498909,-0.011938228305225729,-0.006572786362665783,0.008019225829569265
2025-03-27,0.013405732882559862,-0.005697991794587631,-0.0026558447361686444,-0.0029157835412865207,0.0007956137555700238
2025-03-28,0.007412123023167849,-0.026327821447878152,-0.020138105395326567,0.013834001128074869,-0.009406553819422458
2025-03-31,0.014363222998346137,-4.261749171119433e-05,0.006712688489439067,0.00987356541560569,0.034238401804524754
2025-04-01,-0.0019782303576065807,0.008061072224538668,0.0028245533885180585,0.00866549563604635,-0.0032328978931900343
2025-04-02,0.0020516615880092903,0.007298463725373461,0.006328187260941531,-0.0006557566859430874,0.008562480760722302
2025-04-03,-0.006038278082531101,-0.053533530892642234,-0.04928069685329273,0.004593751785403555,-0.07061998989748008
2025-04-04,-0.02339226273628292,-0.06210889281094045,-0.05854299254528794,0.01088726309428023,-0.059930821191068295
2025-04-07,-0.02148580630415131,0.002413241582797765,-0.0017811884523963872,-0.030156124807039886,-0.02856293969835133
2025-04-08,0.005443793790763651,-0.01800849752587219,-0.01566275431689801,-0.01887838081393156,-0.04001217141599733
2025-04-09,0.03699125081478161,0.12003067095820041,0.10501925332407813,0.005885697136295942,0.06694034840941754
2025-04-10,0.0244235794430141,-0.04253214567294317,-0.043818954699414436,-0.027568295817345434,-0.03344187740450666
2025-04-11,0.019086664805096243,0.01842318284164235,0.017842893761116585,0.005438461363289848,0.017452532072482096
2025-04-14,-0.005705977012200658,0.0067781000511559775,0.009701274021056916,0.007135412618015646,0.0030093978391800835
2025-04-15,0.005232379352138938,0.0011148081252354558,-0.002800907238158734,0.0035423833390542114,-0.0027002744567519166
2025-04-16,0.0325408102664011,-0.030153574074574307,-0.022227850695285878,0.00557963812029727,0.01910343831133332
2025-04-17,-0.004390692094044635,-0.00018011074253454495,0.0014267171117980926,-0.008832453643168203,0.025535104899388816
2025-04-21,0.03093558529908469,-0.024746669321117354,-0.02380276591259234,-0.017479795116667862,-0.012377670823266351
2025-04-22,-0.014195668551963636,0.02625203444389168,0.02601794197538787,0.005581511682799967,0.010929757650546934
2025-04-23,-0.023978630729734163,0.022678151808224634,0.015495243709833462,0.0097131020540151,-0.019028393290488332
2025-04-24,0.014556277018207942,0.02813716865498317,0.02104891538309661,0.0105361021022492,0.0060249230613995675
2025-04-25,-0.010841679678267213,0.011147936184712881,0.007225425345687153,0.007365925399446471,0.008326025452043861
2025-04-28,0.01424210344049559,-0.00031741005865071337,0.000381272763119167,0.006300114651900612,-0.01839774975408659
2025-04-29,-0.009738925467677184,0.006604433415682953,0.006299501905075555,0.008384622843624623,-0.0281877745261776
2025-04-30,-0.007482221012837353,-0.0001262097820908803,0.0003968300492129817,-0.008093133980792477,-0.034775962853363485
2025-05-01,-0.02077228754256477,0.01306071334121195,0.0070868680708551235,-0.005070400402771624,0.015103764144643206
2025-05-02,0.0017481999132260562,0.014843904055049206,0.014844136511218409,-0.010824245348833417,-0.007904441000784579
2025-05-05,0.029867754776654154,-0.005932493604820288,-0.005734324797424639,-0.005585395469765775,-0.02562104592428127
2025-05-06,0.02802400275899264,-0.009301682951692758,-0.008358216758522774,0.0033241658253739814,0.03575436236052765
2025-05-07,-0.014993060801348546,0.003925869653398806,0.004205416334334133,0.0042271731039140725,-0.01687306777607045
2025-05-08,-0.0196942722998793,0.010324912017485754,0.006967872870209169,-0.011149094921480862,0.03290820670482164
2025-05-09,0.007254674259445482,-0.0006552983540776269,-0.00127433074633454,0.0014956261452643282,0.015396374386028588
2025-05-12,-0.028190568373488878,0.040740195739510376,0.03304754271395138,-0.009304899024748181,0.0148626010313484
2025-05-13,0.004258992599597278,0.015240810143960948,0.006603860821533747,-0.004058550843695219,0.029437838885918666
2025-05-14,-0.021037827999516923,0.005993088186767803,0.001277977174232836,-0.006636523822604601,-0.012357997215309169
2025-05-15,0.015963953531585195,0.0010989799278726675,0.004884285649128461,0.008790607262148198,-0.01658674470191135
2025-05-16,-0.012087047232674286,0.004352310089560163,0.006334149416617141,0.0026724201292691596,0.007545526910238465
2025-05-19,0.012880671121226372,0.0009589205274451729,0.001093923806363195,-0.002897082646657223,0.006020611913305496
2025-05-20,0.0186222454642182,-0.0033333054969783005,-0.0033622573759429786,-0.007205096426314506,0.0021894835965794446
2025-05-21,0.007378683875855163,-0.013896771091742255,-0.016850775346555102,-0.01708999926327659,-0.015584143127700512
2025-05-22,-0.008861493387459118,0.0018712361880994788,0.00039470808698149895,0.0052399077075142575,-0.006657744823547529
2025-05-23,0.021906288045034472,-0.009260704288703403,-0.006825745108989145,0.001658635256060359,0.012660090584572625
2025-05-27,-0.016949152542372836,0.023525145789181634,0.02079046874263546,0.013956285720639006,-0.010442699026043112
2025-05-28,-0.0022660178699712707,-0.004431865327271023,-0.005785452346737663,-0.004316021309037521,0.00906659663227094
2025-05-29,0.0059247154716217665,0.001965668190524017,0.003947548002436463,0.009254784878053535,-0.010310752018491298
2025-05-30,-0.006576942326457891,-0.0015769599933492806,-0.0011184010326800164,0.0015090878710246614,-0.0005953402898329907
2025-06-02,0.026581051258171673,0.007897963272625708,0.005632920704039535,-0.009306484013481997,0.03574090054121548
2025-06-03,-0.008855551213511115,0.007817063762803667,0.00570245224869792,-0.0017614994003727347,0.004888516505708873
2025-06-04,0.006441974072654677,0.0027878859294374614,-0.0002684085986693896,0.0162333511244126,-0.007869552962670001
2025-06-05,-0.00504987891618125,-0.007526905817360152,-0.0048327557623635276,0.0006943818256957002,0.008508854895378004
2025-06-06,-0.013416073696802311,0.009775312763678379,0.010268925536670137,-0.0127239796568831,0.02073497700435256
2025-06-09,0.004718534884218695,0.0014720363493916366,0.0009012287764704752,0.0010545469992553347,0.009386464333434263
2025-06-10,0.000293510988597534,0.006613906279393067,0.00566992481350459,0.005149849779974236,-0.006245726003834551
2025-06-11,0.005412290790508978,-0.003369470348270176,-0.0028521796888598683,0.003027386989003844,0.04497208504643968
2025-06-12,0.0124202002480438,0.002347817673546748,0.0039742753822695764,0.011957181004728756,0.0030740892524956376
2025-06-13,0.013100564311248064,-0.012554913725739247,-0.011180162300879815,-0.009636203973080404,0.06888738119543913
2025-06-16,-0.01425909653729851,0.013909972990988395,0.009514448178697288,-0.010077582326344925,-0.020319182971937244
2025-06-17,0.0005131941200071655,-0.009751236371642769,-0.008545170520861345,0.012169437842673547,0.04720711142314271
2025-06-18,-0.005385627565021256,-0.00017012447169739708,-0.00015071307483049967,0.0017341186046417878,-0.00036459790496645716
2025-06-20,-0.00041901914110908933,-0.0040832177891801935,-0.0023486812068518326,-0.001846530604368346,0.010331908814867674
2025-06-23,0.0030631724583116693,0.010282412342111469,0.00987759060766491,0.0032373832908452194,-0.08072664656821826
2025-06-24,-0.015719378751237634,0.015292076656950204,0.011047186039507384,0.007260653360595448,-0.04462771232401275
2025-06-25,0.003037305817845004,0.002556421065045944,0.0005603844216792719,0.0012585671650193753,0.004246541898544454
2025-06-26,-0.0011070472235482631,0.009350208927673131,0.007823809728070064,0.005027848794321388,0.0038193805568345063
2025-06-27,-0.018123728993798327,0.0034237285395219974,0.0049683222933454285,-0.006367283678940794,-0.0042124959100471315
2025-06-30,0.01198454729743359,0.006476879755932252,0.004781179328798402,0.009841094007243978,-0.002319844047177333
2025-07-01,0.008923010663382636,-0.008429252270324872,-0.00032361428413474336,0.002479499199280033,0.011215971658850021
2025-07-02,0.005527596405484614,0.006965298187708413,0.00453326557880418,-0.006353841251107828,0.022453618637394035
2025-07-03,-0.006822911403597365,0.009840272609489498,0.007881400243543668,-0.006964936904865104,-0.0052916247633666424
2025-07-07,0.000748780548875283,-0.007532999876067148,-0.007451971921066947,-0.00954345134409973,0.01715654839262193
2025-07-08,-0.010443411868664265,0.0005617086252047709,-0.0005477352950125081,-0.0012770655850118384,0.006276094488371298
2025-07-09,0.004471282664348264,0.007078818462555203,0.005996656078344209,0.010461681402500034,-0.00038979703292285617
2025-07-10,0.0022257895319868215,-0.001438160900480101,0.0028203571621754353,0.0006899911118383173,-0.020018210183521012
2025-07-11,0.009601575193336043,-0.0022503351874316735,-0.0035155067463294998,-0.013794726427487358,0.0252023019135319
2025-07-14,-0.0036553174266280575,0.0036267392257969266,0.0019080851570825175,-0.0020980403725965324,-0.021606910973781757
2025-07-15,-0.004155705135267751,0.000916943103989043,-0.004273212611414445,-0.007008639107803916,-0.004760653230309941
2025-07-16,0.004988096125243757,0.0010238410431149259,0.0033432737161649406,0.0014118097960096332,-0.0009301048742665907
2025-07-17,-0.0021735334020257513,0.008092771167205415,0.006119637877514572,-0.00023492285884085806,0.012900667498435325
2025-07-18,0.002600924347578637,-0.0009612012034828643,-0.0007323346017438226,0.0015272162374073694,-0.003020001915362558
2025-07-21,0.015370115792427752,0.005184771900194951,0.001896143492131186,0.00891611409190829,-0.004477860739083628
2025-07-22,0.009484882235462067,-0.0051758566122592775,0.0001431954391026835,0.006046577252274643,-0.0031749950442745423
2025-07-23,-0.01240118112003663,0.004561247383473077,0.008507476351847565,-0.005547938541667574,-0.0009289939779927314
2025-07-24,-0.006118276977772341,0.002128533024350787,0.00033102965109055305,-0.0017432401852096602,0.010759797711586971
2025-07-25,-0.0092499926477293,0.002406989267270232,0.004224338152491125,0.0062870713597797945,-0.01629646370678095
2025-07-28,-0.00647361832754334,0.0031250917034661985,-0.0002510690047468067,-0.006479273090796767,0.030995320535996296
2025-07-29,0.002750389076383808,-0.0015489342427812414,-0.0026376616892719307,0.01688601895235098,0.034080665352028694
2025-07-30,-0.017273497289540862,0.0013399730145824407,-0.0012593696215839056,-0.005153425980347959,0.015538819753744493
2025-07-31,0.0066454015709211944,-0.00529916645018691,-0.003751066887460741,0.0005755895274974776,-0.017892455099403848
2025-08-01,0.020299689958884537,-0.019698886999479193,-0.016390611285710288,0.014216337338979645,-0.02676212277200385
2025-08-04,0.005823229257701401,0.018451662351475884,0.015199864928028717,0.002733129356342179,-0.01742833062325333
2025-08-05,0.0008040912066364925,-0.006789473483936326,-0.005070024116712868,0.0030661744985902573,-0.014321428965235139
2025-08-06,-0.00212110700071233,0.01258315667750276,0.007659857740445197,-0.005774149669203976,-0.016395571615274718
2025-08-07,0.008437987494967825,0.003384387236945674,-0.0008377338742812102,-0.0017079446454767444,-0.005014266729791772
2025-08-08,-0.00022357985855403495,0.009328221927688896,0.007797554830949682,-0.004334365550485164,-0.0016343655704182947
2025-08-11,-0.014374701087597641,-0.002959018853778028,-0.0019774044951013092,0.0011454820731873205,0.0068212821170954285
2025-08-12,-0.0009074665058316222,0.012568803224037195,0.010646077812391797,-0.005034737819303414,-0.011517697403338745
2025-08-13,0.0030492830145867345,0.0005001064179936954,0.003423132057329248,0.008280509781873446,-0.006716900401204762
2025-08-14,-0.006338706734070332,-0.000775464383009683,9.29178689290655e-05,-0.007414180453982566,0.017664901952381573
2025-08-15,0.0005858183101099534,-0.004397285397021111,-0.0023411979263346927,-0.007124813563542776,-0.012747421199391762
2025-08-18,-0.0015612675411803556,-0.0003985637682377696,-0.00021771255650937515,-0.002893481323549052,0.00508235029776638
2025-08-19,-0.005473279447945512,-0.013567517023556408,-0.005425196957653422,0.005803755705839464,-0.011890052466295375
2025-08-20,0.010122175284489776,-0.005937379408595511,-0.0026569846084518733,0.0021927859790609183,0.016874046193818604
2025-08-21,-0.0034698951143765644,-0.00462964919724318,-0.004011809805612443,-0.004951593494690543,0.008297070704628373
2025-08-22,0.01070642694476942,0.015427327600079588,0.015356833041096918,0.007406594855549509,0.006879834818919406
2025-08-25,-0.0024148368614391735,-0.002884656934054597,-0.004401115665894628,-0.0028718754731770213,0.014871390935535134
2025-08-26,0.007262047243691283,0.004015232915554501,0.004187065214133812,-0.000576066147505494,-0.02244220393719054
2025-08-27,0.0020187288833615202,0.001536842612600342,0.002278548405594716,-0.0011528883555240732,0.008507727582099278
2025-08-28,0.007419038046796889,0.006259849188709143,0.003541324132844581,0.006578265857482446,0.0074986282311910735
2025-08-29,0.00964990177666114,-0.01157535527697362,-0.005963639392962183,-0.00710847581478935,-0.005316341536893088
2025-09-02,0.023642559312442524,-0.008380282606327838,-0.007410347641911175,-0.007441386687962903,0.025654808822695774
2025-09-03,0.007831992196408066,0.007867545064627945,0.005419642546478309,0.010977318276232495,-0.0251433070800402
2025-09-04,-0.004418882618094533,0.009051496036850626,0.008357320883294106,0.007623825183633803,-0.008686375918397382
2025-09-05,0.01334594055214322,0.0014429502116075632,-0.0028961941058495144,0.015247096952849537,-0.02089516103236877
2025-09-08,0.011388067271604019,0.004877924660135369,0.0024565777359784047,0.013324304227030792,0.005645100889633881
2025-09-09,-0.002269905468609168,0.002833109098061337,0.0023118846201510834,-0.005683158342353667,0.0047918739010679445
2025-09-10,0.0035922056391106683,0.0003272942715684124,0.002890900188266654,0.005715641236528901,0.01798609764003345
2025-09-11,-0.0014913797811720864,0.005820615665316886,0.008310195052279257,0.006685974855540566,-0.022888490234609704
2025-09-12,0.0019715725978484144,0.004417191261504527,-0.000334630409346115,-0.004317028966220882,0.004246541898544454
2025-09-15,0.01040483601055886,0.008556867421086078,0.005323962798345239,0.0023347075067725598,0.012549527062861054
2025-09-16,0.0020064107533963593,-0.0008450788899231343,-0.0013768848246955567,0.0021072830374779805,0.019399093990169147
2025-09-17,-0.007715171664187115,-0.001995857239824539,-0.001242457061691904,-0.0025456268152964645,-0.009250653696057043
2025-09-18,-0.0040063094596702875,0.009016938060095958,0.004672499536354291,-0.010319713099539829,-0.0037348109208720226
2025-09-19,0.010607227252210416,0.0067692575224016505,0.004952868450893266,-0.0019059791797596537,-0.015664824743548578
2025-09-22,0.01730643093326134,0.005920073936714676,0.004730956629250382,-0.003594676496526672,-0.0009521177641514944
2025-09-23,0.004086375052867464,-0.006642261760471446,-0.005443378865093829,0.006989739015452301,0.021783610210945215
2025-09-24,-0.009063049726670935,-0.0035106152024937387,-0.003181757023221321,-0.003806410385216008,0.017854713969385205
2025-09-25,0.004165188877066628,-0.004311291858417277,-0.004613374905433676,0.0,0.007854411296178032
2025-09-26,0.00577227044053652,0.004110948441042206,0.0057290340826092745,-0.0008989167530552011,0.00038964515039929815
2025-09-29,0.016496514338703028,0.004631078168035652,0.0028104467833012237,0.008211258380107722,-0.03155025202658901
2025-09-30,0.008540004081594166,0.00273923660495079,0.003766834755358328,-0.0029005811360597322,-0.011261514668608696
2025-10-01,0.0015753722020723782,0.004796919882163131,0.0034075722246513784,0.0025825236691314757,-0.008271194716631403
2025-10-02,-0.003482825151325697,0.004111020294430778,0.0011517326256851312,0.002911816079391949,-0.021875833845680148
2025-10-03,0.008032937892485048,-0.004209680647392355,-1.4805406382656372e-05,-0.001898542604962472,0.0023762673576988025
2025-10-06,0.01884573861512795,0.007510154587375251,0.003586271966467658,-0.007943513188970242,0.016176316788721667
2025-10-07,0.005159462258136571,-0.005265670505592235,-0.0037075138893177817,0.005751796766512607,0.004528532856074685
2025-10-08,0.01649095687844504,0.011463840686581905,0.005963055269571305,0.0007847192992007646,0.004508221923670508
2025-10-09,-0.018452848086064955,-0.0012102542195092658,-0.002896974724933221,-0.0007841039976612674,-0.013871843601248601
2025-10-10,0.010097700011942212,-0.03471419340226101,-0.027027862178845674,0.01614692076946378,-0.043028584397504566
2025-10-13,0.02430104394061705,0.02122127961769138,0.015344118135168339,-0.0005517194118699331,0.012826046944470981
2025-10-14,0.007141189222626965,-0.006660944590322959,-0.0012216462876413203,0.003201861489208868,-0.01821284578157878
2025-10-15,0.017332403569977117,0.007056768737883523,0.004439529909605389,-0.0022010484445985634,-0.00014495849609375
2025-10-16,0.02338727694573084,-0.0037029302513930107,-0.006810134562330372,0.007500492108398538,-0.01710393305861324
2025-10-17,-0.01881705572696646,0.006566773461732511,0.005676205164253156,-0.0015328452151528449,0.0025070904654278525
2025-10-20,0.03640197438905224,0.012600750316114295,0.010400500262923273,0.003837735535405562,-0.0022065536697800647
2025-10-21,-0.06426889260666147,-0.00026154446867010517,-1.494287878323064e-05,0.0049153798820695815,0.00648672858814936
2025-10-22,0.00010605594835544352,-0.009633987432361102,-0.005198916065879078,0.000652184020070834,0.03456863521892739
2025-10-23,0.004002358382396931,0.008406409230690803,0.005929962705964353,-0.006843425989221719,0.037661103858823264
2025-10-24,-0.0033528327110016187,0.010678280603591661,0.008172554694480416,0.00043749996751230036,-0.0015008951968542572
2025-10-27,-0.027839530498784404,0.01780922314180522,0.011797664492784632,0.003389271892363599,-0.0008198627814095527
2025-10-28,-0.007166030388359279,0.007690008216966859,0.002656016019079832,0.002614902658114593,-0.02365978243914202
2025-10-29,-0.0037872684129753864,0.004502990798896933,0.0004803706386860007,-0.010106525190865412,0.00574315262102143
2025-10-30,0.01964188672951095,-0.015288652640875422,-0.010998187142508109,-0.005818467669599925,-0.0012535370955385483
2025-10-31,-0.005430550723012573,0.00482403254913244,0.0032802220875831622,-0.0029812762556324923,0.011853276878721175
2025-11-03,0.0017929035935666526,0.004784708098236612,0.0018767398754619968,-0.002501285646083873,0.0024807099122410303
2025-11-04,-0.017517195825319742,-0.020298093418214203,-0.01185354736001909,0.0022289402349569,-0.011135518042092118
2025-11-05,0.011564369498527016,0.006508048824858337,0.003465476340313245,-0.010896236059520281,-0.012512185764778083
2025-11-06,-0.0012005195756799036,-0.018627361947175403,-0.010729453719183435,0.008992690389358238,-0.002111805271811873
2025-11-07,0.006119021470095687,-0.0031552922350828183,0.000984565078659072,-0.0021165991864388056,0.005361242911083419
2025-11-10,0.02734111859838051,0.022124205427511257,0.01560437034633999,-0.00022328176793340315,0.005893883754625628
2025-11-11,0.003937814406542062,-0.002663596308138949,0.002289177027853917,0.00457847476127804,0.014508941282080912
2025-11-12,0.016110762091908537,-0.0007883320159972618,0.0005563903663643455,0.0017785979387809903,-0.04029153267315433
2025-11-13,-0.008083098515826892,-0.020415947108225807,-0.016593996414786205,-0.008211443509992478,0.0008596870297561399
2025-11-14,-0.018047911171504505,0.0007559594991779495,-0.0001635496688257021,-0.005705789075211354,0.021904063174227995
2025-11-17,-0.011463979297139493,-0.008540477422004478,-0.009316620573407763,0.002475445145408983,-0.0011206809293667908
2025-11-18,0.007264932736103624,-0.012175916656679608,-0.008397461670685558,-0.0003369043302438035,0.016830251008139285
2025-11-19,0.0016294519610446923,0.005970176852466702,0.0038631766432766224,-0.0020209551917766966,-0.022344865470096953
2025-11-20,-0.0002933255655774847,-0.023671889336544405,-0.015242227316648038,0.00393794305411288,-0.010299037187164406
2025-11-21,-0.0015473311468576778,0.007512843732892183,0.009961138168965045,0.003025789395010081,-0.01211687035826392
2025-11-24,0.01584423909859023,0.025573261083649657,0.014718606876234608,0.0056983149675498,0.016161544990856758
2025-11-25,-0.00031569077041548876,0.006163769755954451,0.009405836039293458,0.0025551885119019513,-0.01661457255563059
2025-11-26,0.007998338908444147,0.008835636476900666,0.006903582418005261,0.004432830125542964,0.011407955458878627
2025-11-28,0.012424331348639184,0.008107146974362323,0.0054584342293309,-0.0047439745332454875,0.014705864732056817
2025-12-01,0.004821066034977672,-0.0033589323116032244,-0.004565470301164498,-0.012448839591246874,-0.00014073640457878955
2025-12-02,-0.006440050713598433,0.007826073319548543,0.0018522768711999316,0.00045049071594882584,-0.012102457640002506
2025-12-03,-0.0009296182229129313,0.0024437255207652164,0.003462749080359595,0.002814985438478468,0.006552802476705866
2025-12-04,0.0006461951944911615,-0.0009300911758545194,0.000731139787988333,-0.0053893460808428495,0.010331102316804897
2025-12-05,-0.0017823532991587676,0.004077349973276911,0.001899394752821859,-0.004628831823904611,0.007423991929235374
2025-12-08,-0.002639449868615862,-0.001918502477041395,-0.0030042091058060105,-0.003289064091572591,-0.01988320830899648
2025-12-09,0.005137202012788666,0.0012333456873967474,-0.0008631180942337835,0.0010242049748709903,-0.008937399241173427
2025-12-10,0.004259147967166088,0.004095732190410706,0.006632235252757246,0.003865021581506589,0.009733757504076346
2025-12-11,0.010769830543307712,-0.0032344464150966257,0.0023269460314641055,-0.0013588679514123791,-0.01828750919740052
2025-12-12,0.005594579039939429,-0.019118307600878626,-0.010752075575282682,-0.009638449141118222,-0.006353825868682272
2025-12-15,0.0009103412637567754,-0.005019386618356658,-0.0015108085502177904,0.0006870249353134739,-0.013370123551623592
2025-12-16,0.00022745542760316262,0.001981802971139146,-0.002732285145230273,0.005491976145018729,-0.025335119106885462
2025-12-17,0.008588228474273762,-0.01853694722260213,-0.011003593983400228,-0.0009102851030482473,0.02735386486436009
2025-12-18,-0.0018032036998043566,0.014490095003568904,0.00755126270975226,0.004783798858312371,-0.011621077912859046
2025-12-19,0.0011289903434381632,0.013035461532133308,0.009063506223587092,-0.0037325643620199633,0.012501805437842517
2025-12-22,0.02308160549906857,0.004793430010699984,0.006229803850433591,-0.0021702082501557918,0.024989043188900828
2025-12-23,0.013252341857567629,0.004683320360612031,0.004570492347330646,0.0016024560351346473,0.008174382150915926
2025-12-24,-0.004134082564786756,0.002925661929782386,0.003517674396244841,0.006057208280190185,-0.0014225618659219341
2025-12-26,0.011676735474757116,-6.42258301777332e-05,-0.00010140966545213459,-0.0032945162824977725,-0.024501334274654285
2025-12-29,-0.0435283019531133,-0.004840585173137457,-0.0035636535074947684,0.0037613825616598096,0.01650112730760478
2025-12-30,0.0007275678386380324,-0.002319387022803987,-0.0012212136133650242,-0.0023846618096976524,0.0018675082930346143
2025-12-31,-0.006467991163222386,-0.008265617813153048,-0.0074088529688375315,-0.0079670411974333,-0.00831652164362151
2026-01-02,0.004970859258759619,-0.0019370300896959236,0.0018329931020035772,-0.001491627525974537,-0.002891911033057082
2026-01-05,0.026313174195160993,0.007942867947986931,0.0066602071082446646,0.004940813749954254,0.018271492937333544
2026-01-06,0.010813149047262716,0.008786595304206557,0.005947158299371091,-0.0020578811428759725,-0.0243520229955293
2026-01-07,-0.009559953917111952,0.0009625073552126384,-0.003223412281198157,0.00584306077294805,-0.01050943217417244
2026-01-08,0.005522515913727544,-0.005688999652936455,-0.00010152731427326422,-0.005011992571111068,0.04056645468152098
2026-01-09,0.007242001159325273,0.00996023105487942,0.006613382996888628,0.006640058243890801,0.003402294593913169
2026-01-12,0.018722729613168898,0.0008297496946161331,0.00157043300066384,-0.002956952772412702,0.0122916468152936
2026-01-13,-0.0014210408732292512,-0.0014828295247444334,-0.0019995067653818532,0.0017109867455715744,0.025540848458931453
2026-01-14,0.010222226854541994,-0.010682829260153182,-0.004915252903138989,0.005807400678176755,-0.011839993288458861
2026-01-15,-0.006127660830587689,0.0035994606388298767,0.0027232975079871657,-0.00022642103812409164,-0.02038291343469012
2026-01-16,-0.004818883830700504,-0.0008363469702494797,-0.000837905189162047,-0.005775177126100872,0.007310618480811826
2026-01-20,0.03783617488689295,-0.021247109479646253,-0.02035680001149731,-0.013097934134787215,0.002930901325896018
2026-01-21,0.014568979615140476,0.013518379690002691,0.0115411092816613,0.007616762283406686,0.02059554293026089
2026-01-22,0.01846258414950319,0.00726938199084981,0.005223257672714476,0.004352258469259684,-0.020725343863715384
2026-01-23,0.013745304981574558,0.003157420737031069,0.00036273518897367296,0.00273706187065903,0.029657438909338696
2026-01-26,0.014628847613605389,0.004400109641689687,0.00507823176187272,0.004776561191326856,-0.0063555593063451266
2026-01-27,0.024531942321975864,0.009065284269015539,0.003984165378470905,-0.006225302041397929,0.029667939651367492
2026-01-28,0.038773348494905324,0.003311530790538031,-0.0001006645803248718,-0.0022780567601236035,0.012688329870560455
2026-01-29,0.0027094717415592218,-0.005985273573928751,-0.001984377154833794,0.00022848678434228553,0.03288953997301736
2026-01-30,-0.10274245274560045,-0.012010841842685638,-0.0029824841055743345,-0.005592400629388705,0.004801582718582553
2026-02-02,-0.04004945911975222,0.006866398739876489,0.00497122273706152,-0.0028571503068033355,-0.052691083864338406
2026-02-03,0.06358720612372104,-0.015363995860281365,-0.008455385901172563,0.0024264025052809224,0.028408327859169358
2026-02-04,-0.0007044119795716064,-0.017469018639871603,-0.004843853725993386,-0.0025358440276025407,0.0052923199464889326
2026-02-05,-0.026631707613677613,-0.014395283656200686,-0.012489284060324235,0.010862179464345978,-0.015279851746007767
2026-02-06,0.03073229479090611,0.021137860808890796,0.01918478647681998,0.0006856583747738565,0.003911793099661054
2026-02-09,0.02540290594406658,0.0076601288352324826,0.004821726716577324,-0.0002283070422158806,0.013378345341941822
2026-02-10,-0.009913720520981939,-0.004639335369521991,-0.002637057770699447,0.011540119033893514,0.00012819964958765695
2026-02-11,0.011310577541873812,0.002682115083918246,-0.00023112214366449724,-0.005308964247749626,0.01102141001929291
2026-02-12,-0.03472828959819363,-0.02033890829654672,-0.01544885969788623,0.01328653189215201,-0.03181648061414255
2026-02-13,0.024878663914389865,0.002131048155454618,0.0007044991031190939,0.00549147325656274,-0.0020947373457477214
2026-02-17,-0.0311702543391007,-0.001030123515214476,0.0016134830190519533,0.0016717845134128773,-0.006428730725819509
2026-02-18,0.022489929267582198,0.00746716866302255,0.005037707550576753,-0.003783198506901342,0.048461613710060636
2026-02-19,0.0027930496262249527,-0.003829676015125183,-0.002637344323549562,0.0010051994578268442,0.022544091701861335
2026-02-20,0.019714504323102178,0.008848879268683163,0.00723184928909637,-0.0023431971871532564,-0.004187756584076108
2026-02-23,0.027015500392687075,-0.012154960293414563,-0.010211366038766267,0.0036907654404003676,0.0006184669474522675
2026-02-24,-0.01385890426498504,0.010741494985549327,0.00726847527019836,0.001783071568617789,-0.0017305239432369168
2026-02-25,-0.0025072627221415233,0.014493229135896346,0.008438306300538434,0.00011120021403221436,-0.012753823081374072
2026-02-26,0.008575889154321725,-0.012064622965899163,-0.005554445579207146,0.004003890967163359,0.0005016089859393169
2026-02-27,0.01313141674919538,-0.0032007554722836007,-0.004801940858611298,0.006092846203030522,0.027328574613463497
2026-03-02,0.012919896640826822,0.0013173960348162872,0.0005685229860479257,-0.01004206261934859,0.06394149711162944
2026-03-03,-0.04461221500318879,-0.010705593463318008,-0.008814250912485666,-0.0020086308369838823,0.0345222436352004
2026-03-04,0.007818116439543887,0.015243155519400808,0.007055355958297538,-0.003130902840773775,0.015077612598279222
2026-03-05,-0.012017768242597593,-0.003012835076103726,-0.005575670491907769,-0.004038164158649438,0.05187855096828975
2026-03-06,0.01583250339069653,-0.015043184992000858,-0.013107129910862048,-0.0037167465590222104,0.12937389056512183
2026-03-09,-0.0020696732193965506,0.01335559691185173,0.00875996152231262,0.008704615485259248,-0.04082003262886691
2026-03-10,0.01127967872100144,1.6508821196747903e-05,-0.0016070155764896787,-0.01064668374429445,0.014664993313950658
2026-03-11,-0.003390104145245987,-0.00013166574175171863,-0.0012551345486657706,-0.012913453648617845,0.020687723680138603
2026-03-12,-0.019653925633074443,-0.01716329879806977,-0.015184966271003186,-0.0019508666521589335,0.09569640023922621
2026-03-13,-0.012936961278600778,-0.005927196401479651,-0.00566013575260893,-0.00494429573478028,0.012669989084662214
2026-03-16,-0.0008896876689686861,0.011217471974352744,0.01017686501045656,0.007742075694902928,-0.0405371643597755
2026-03-17,-0.002519392047785618,0.0048802389046711525,0.002630544991105488,0.0027519069586992018,0.033121773441933344
2026-03-18,-0.03163716142328721,-0.013939679228373136,-0.013953644515257158,-0.005603090967955415,0.023813546939267072
2026-03-19,-0.041215062676522196,-0.003160260480330801,-0.002464381043311259,0.006094676927293152,-0.035423667489573596
2026-03-20,-0.0305574415876555,-0.018481707498242073,-0.014335696266852715,-0.018973396953456567,0.03467961548787879
2026-03-23,-0.02259421410703788,0.011478971108489944,0.010499991225476402,0.00652435575215371,-0.08951661631609753
2026-03-24,0.00022274115430986896,-0.006836798962342794,-0.0033568144771775055,-0.004398566247833191,0.03599858397992728
2026-03-25,0.030089336389747867,0.006575620525403059,0.0055726882440485515,0.009649892516214731,-0.01004017388411782
2026-03-26,-0.0375939695290467,-0.023867934697473725,-0.017858729983344035,-0.008406081513490538,0.03413001823276596
2026-03-27,0.035093842463368,-0.019536656388718376,-0.01705189415742525,-0.00545823049527383,0.05918467239962144
2026-03-30,-0.0002894276132928697,-0.007643371872404492,-0.0033433906874337227,0.013311533292638345,0.04533015314934907
2026-03-31,0.037893826237359374,0.03385390473424077,0.029067865784757174,-0.0010371121405847727,-0.019872154314624413
2026-04-01,0.017499822514495555,0.012353199234057088,0.00753449141030349,-0.0009843548500987342,-0.02483303467276521
2026-04-02,-0.019208815315471695,0.0011466275764089318,0.0009004595313388819,0.006144111941370989,0.11145138398905519
2026-04-06,-0.004098669687746526,0.006017365534718655,0.004726845083763864,-0.0016130772892625211,0.007395622723337603
2026-04-07,0.009727589667910319,0.00015293726768694782,0.0004400005646272298,-0.00011542512387419102,-0.006189726466387824
2026-04-08,0.00629906958171822,0.029732043596962132,0.02546963651219092,0.003231829465131897,-0.0977694077417357
2026-04-09,0.007778530578574028,0.006764706060259584,0.005769017699185586,-0.0025311972128754245,0.019104167751141432
2026-04-10,-0.0017811851128632927,0.0014421643720912147,-0.0006617754265585418,-0.002422083150563137,-0.01685569789760788
2026-04-13,-0.004049183335572026,0.010342492251355084,0.009772447246481741,0.0030060675808061266,0.02924212093256595
2026-04-14,0.022349346089928224,0.01815697886050316,0.012184877209840739,0.005302631883287612,-0.03596172415881871
2026-04-15,-0.010402401583740839,0.013999468879074328,0.007890969227043909,-0.004357190674906586,-0.010173614467130943
2026-04-16,-0.0008627455164704756,0.004816377928118731,0.002457347646937613,-0.006334239682012188,0.02651113546852657
2026-04-17,0.013293051904224695,0.013084122492198702,0.012085686101644066,0.009156251590983322,-0.07787663467542938
2026-04-20,-0.008611208936292747,-0.003174848913578998,-0.0019997351150194964,-0.00022973668190118257,0.04550154031057363
2026-04-21,-0.028320000717914517,-0.00380336112828894,-0.006546892848539487,-0.005514057384358617,0.05712166438021704
2026-04-22,0.013245809401008168,0.01673059200687632,0.01012671209511895,0.0019635929007104647,0.008966814007675517
2026-04-23,-0.00969535708776803,-0.005632679633709281,-0.0038807408683984024,-0.0021903555049518353,0.041112886979535634
2026-04-24,0.005127114447075254,0.019127488040923124,0.007749309237231605,0.0018486672552899819,-0.017220956823018607
2026-04-27,-0.007755303754327758,0.0005271940263615882,0.001722787837563633,-0.004959041714150181,0.017522714736925238
2026-04-28,-0.0185629131043068,-0.010056759402575555,-0.004865992267119479,0.001043101357540266,0.036223313825672454
2026-04-29,-0.010665781709228828,0.006113568281962856,-0.00015450932498595193,-0.00775738796932135,0.07901144911926394
2026-04-30,0.014973287523456946,0.00932627116139395,0.009949633527564838,-0.0009334562995825246,-0.02350135052890645
2026-05-01,-0.0011330099187530918,0.009599622702352262,0.0027690952923506984,0.0035755300409310298,-0.029165771928350348
2026-05-04,-0.02001512681908002,-0.0018838683316975136,-0.0036633921467564834,-0.00759270505974774,0.033683455572829146
2026-05-05,0.008584306218673232,0.012974053527471385,0.008022228723942426,0.005532070190025662,-0.02330467059943231
2026-05-06,0.030339261182306565,0.02077436440402569,0.013899399692774095,0.007608522709151355,-0.07088854373658826
2026-05-07,0.001670691560653026,-0.001192941202506459,-0.0030660824190705815,-0.0049953399304208945,0.0076148137043636765
2026-05-08,0.004841540894531038,0.023440839756069476,0.00825609701116825,0.00502041862806113,-0.010224530416621302
2026-05-11,0.0020287362083613036,0.0028963917525772764,0.002277563042387465,-0.0060408741096146246,0.03795199837714747
2026-05-12,-0.003957209812161522,-0.008481790799397704,-0.0015149526145865622,-0.006661990604272083,0.04067502697744141
2026-05-13,-0.005612899814961714,0.010562260792936318,0.00559483781461112,-0.002235496247472324,-0.015661883006436117
2026-05-14,-0.007642296271595517,0.00710766178035227,0.0078943149045545,0.0014150269748050004,0.006758707119432827
2026-05-15,-0.02322039069444226,-0.015087656778261405,-0.012029343756796207,-0.014837515925645306,0.03657339669607729
2026-05-18,0.00273187497307803,-0.004302314727548051,-0.0007035093177317764,-0.0011953498344999813,0.007151032781125721
2026-05-19,-0.016561892782745447,-0.006162420032059024,-0.0066607880874933745,-0.0064623924966782376,0.024583117374118668
2026-05-20,0.014337773746013083,0.016563787343382597,0.010248994582563453,0.010720403371144993,-0.05681225196114237
2026-05-21,-0.0009822799906678004,0.001906965251198045,0.0019830877010671433,0.0036943046389781298,-0.011991480800547571
2026-05-22,-0.0076020599640161945,0.004240666390677106,0.003931549076803931,0.005461901186292861,-0.011365197091987689
2026-05-26,0.00043495402009452455,0.01775519084548005,0.006638641352187502,0.004959886754083431,-0.0278171886168046
2026-05-27,-0.013309202332427494,-0.0011365676760621835,-0.0001732421647460125,0.0023502459676800758,-0.04357665124600818
2026-05-28,0.010477609933210896,0.008430926296197239,0.005516578600909927,0.005158200406636837,-0.0019079600269331642
2026-05-29,0.010538571648365469,0.0036840758744198787,0.0024914048034492264,0.0002333422907245808,-0.012922483997406031
2026-06-01,-0.014048680044494555,0.00600023569930852,0.0027231134609038143,0.0005383981278650474,0.04965530903983684
2026-06-02,0.001677776649860796,0.004604508800567064,0.0013579397972762752,0.002106107026722537,0.013062762158383201
2026-06-03,-0.009904155768766576,-0.002613320951729392,-0.00701718232049986,-0.003969701615743837,0.026152809981450975
2026-06-04,0.008335974543818736,-0.004837372714978083,0.0037786857621391334,0.002227127133072271,-0.029248864825609844
2026-06-05,-0.036545333189379026,-0.04800098739080161,-0.025809371248925683,-0.00514620541424804,-0.027204922270455012
2026-06-08,0.002599431669397134,0.015615708159669062,0.002264172608771542,-0.00517273545039354,0.016012551162309707
2026-06-09,-0.01633647245916592,-0.01150725833784727,-0.0029354505508077944,0.005908779843731171,-0.02848679998961301
2026-06-10,-0.04145558180468856,-0.019976509699805467,-0.015765562508027298,-0.002819658976350947,0.022848438158964868
2026-06-11,0.03134182597256352,0.03377582954055702,0.016996847886747934,0.012959534346982604,-0.0407297177692173
2026-06-12,0.0005694792310315666,0.005884685554236491,0.005408247901529384,-0.0024424457256886356,-0.026391379939104564
2026-06-15,0.025896360083728753,0.03141376689991193,0.01763396989375332,-0.0005829286612030193,-0.033644273383047985
2026-06-16,0.002723533282284807,-0.019005421591015037,-0.005961562844234103,0.0054829765914006234,-0.0473558114604824
2026-06-17,-0.02270955075927472,-0.010070407460121666,-0.012487870885051433,0.001624389281813965,-0.010738701400023976
2026-06-18,-0.003808571701190089,0.02506543768170255,0.010396992441959574,0.004864997586069952,0.005602725823693033
2026-06-22,-0.0065354381359996605,-0.002510106841037363,-0.003146979693962715,-0.0076082112846670436,-0.018977977305225102
2026-06-23,-0.018903219228002643,-0.03292904314791367,-0.014521954010491611,0.0012778013101124586,-0.012689682085323506
2026-06-24,-0.030213064971899906,-0.00424581964999271,-0.0004635170636431152,0.01368904374345048,-0.044670152123650775
2026-06-25,0.009674185334065832,0.008105611726665796,0.0014456352254532678,-0.00034324246133621283,0.028412800988368625
2026-06-26,0.011286779419095394,-0.013763624451209266,-0.007231373616869652,0.00011451211808433115,-0.035037913157093925
2026-06-29,-0.013516094115971211,0.024854210883145544,0.016474862380159383,0.001030139025204324,0.015168737421318301
2026-06-30,-0.0005425733809176769,0.017014704222517052,0.007786800986842035,-0.011778184212425824,-0.005976833943822646
2026-07-01,0.006026389031102086,-0.015249920059198452,-0.001352504438058455,-0.006759350589188973,-0.029782090620346313
2026-07-02,0.020318398961908235,-0.017333877050142776,-0.001314069480687241,-0.00011689040355766789,0.0068752467991375354
2026-07-06,0.01057837238078907,0.014341891788415717,0.008727409093039817,-0.0007017827377749919,0.0035583295368573076
2026-07-07,-0.012142502784779907,-0.0185246873533641,-0.004751899671231685,-0.010532340848387278,0.04379491865500684
2026-07-08,-0.008053135463158334,0.0028332742996159954,-0.0030894297130047432,-0.002247212388478581,0.030205664440282387
2026-07-09,0.009961224054354512,0.01664234062582648,0.00846525000257925,0.0015409242512691712,-0.028517930437136907
2026-07-10,-0.003093719744077794,0.0030831495111482976,0.0043101596888019955,-0.00023663079096059025,-0.002843823336512452
2026-07-13,-0.02620621369961662,-0.01897977883957569,-0.007656174850540931,-0.005919255704355919,0.0836246938591303
2026-07-14,0.013673600487310367,0.011169826504217273,0.00355064169730146,0.001309984949769083,0.0202054269031271
2026-07-15,0.0005374505181017231,-0.002709516875899598,0.003963635929681075,0.0019029149847882287,0.010069061353995767
2026-07-16,-0.01984695723728025,-0.01644047698821338,-0.005418617756386079,-0.00035618141154958316,-0.01713621888882999
2026-07-17,0.009453124418586922,-0.015029585113280453,-0.009897156017872222,0.0036812462295174875,0.039061156022712984
2026-07-20,-0.0021986307389650905,0.001049833101992581,-0.0016143782471810253,-0.007453762122910601,0.012504058270455198
2026-07-21,0.019613686984128575,0.018547213156642428,0.008341309298597777,-0.002741630061377842,0.026611456540809098
2026-07-22,0.011499153135369422,-0.005105992167196205,-0.0011627413779321527,-0.0026297696220726197,0.021963418224381526
2026-07-23,-0.020046439653404247,-0.01898341826999872,-0.012349287272575782,-0.003235908448614766,0.05931055021101339
2026-07-24,0.0010228383237773642,-0.011171225588826994,0.0010160123647910968,0.0009619139545677946,-0.020073144608880433
2026-07-27,0.007340712640850455,-0.003083737064717651,0.0002165755636849287,0.006006000755983454,-0.08727778251587726
2026-07-28,-0.01404054586409964,-0.009719704641810822,0.002394780651586048,0.005850783258425585,-0.03422574702907066
2026-07-29,0.004629481218515252,-0.0203704125369063,-0.015387473482586067,-0.01650046534551275,0.07320109429163102
2026-07-30,0.016384653740035837,0.032974185798204436,0.01676579949601198,-0.0006034720120091652,-0.01415199316534621
2026-07-31,-0.014900824749758845,0.00649550511403274,0.007199809675054292,-0.006642570568696993,0.013256940441708887
2026-08-03,0.00045750903333918735,0.017558419833591632,0.01424300656734756,0.0032959506652343595,-0.05457920199969646
2026-08-04,0.00659119276681408,0.03396798607700635,0.018029002715958642,0.007665132433438027,-0.05191617937023507
2026-08-05,0.04137270374924307,-0.009048819525989127,-0.0019966020100066206,0.0021733917633306454,-0.007773376536257537
2026-08-06,7.699101265035146e-05,-0.0036943586003114204,-0.001597813044932006,-0.0057831729751035565,0.034731942797338045
2026-08-07,0.022583179330530445,0.011726026161803071,0.006115348472417681,0.0029084525318412435,-0.007487165551310904
2026-08-10,0.01021408716277361,-0.0029874750593527066,-0.00029741673673222557,-0.008458247457321821,0.06729949640694843
2026-08-11,-0.003925118140567174,-0.0033570309855425196,-0.0031952597501651026,0.0015842662281297937,0.013421239405823293
2026-08-12,0.009876351898066904,0.007307397746256994,0.0025046624297864195,-0.0009733766720803061,-0.00242925755905532
2026-08-13,-0.014719010607066263,0.011565558900105577,0.006977455651952402,0.00584576451066976,-0.017831926300410195
2026-08-14,0.006316471789712619,-0.0013659895774928987,-0.0019797115463531245,-0.006659346733872584,0.012556984005059224
2026-08-17,0.009987992274373525,-0.0016414463662972612,-0.004727366641364417,-0.008410561112946802,0.02914687880320943
2026-08-18,-0.017115101749848094,-0.01693450262957852,-0.006755757074274671,0.0038107583749604768,0.002839898649499295
2026-08-19,0.0383640923679176,-0.0019929933468779693,0.00209783741736147,0.016654334067683463,0.0019133628730525487
2026-08-20,0.003431310265562093,-0.007191967784539344,-0.008399893367440514,-0.008190801405345227,0.027728894068269838
2026-08-21,0.019505792504578512,0.0035306004690811577,0.0040912604472485015,-0.0035219006440417866,0.0007433187788477014
2026-08-24,0.007865686897826407,-0.009979809224073155,-0.0029384110198065194,0.006215654940490811,-0.018048074025526772
2026-08-25,0.0032342095547504,0.006229419148941817,0.003195937672779925,0.011022331504594973,-0.04583620664284149
2026-08-26,-0.015768448815633995,0.0009145998999007254,0.0002220155779071309,-0.0020366379113355704,0.009512460830180869
2026-08-27,0.0030380678748822554,0.01369187666225713,0.006552786111251541,-0.0020408858596825397,0.020887287511474728
2026-08-28,-0.03244200486764748,-0.006489984566639517,-0.002269485222937795,-0.0030073380038482256,-0.0023844132889141445
2026-08-31,-0.0011494563424524484,0.0004606410859646637,-0.002989520850009919,-0.004343636851854682,0.03084040165086699
2026-09-01,-0.026247492454480104,-0.013002967795686993,-0.007307190610715164,-0.008179780051166485,0.05108453243793809
